Student,Exam,Minute,EDA,BVP,TEMP,HR
S1,Midterm 1,0,0.023038604166666664,-0.02535416666666667,22.519000000000002,102.39666666666668
S1,Midterm 1,1,0.023140012499999998,0.005171875,22.601999999999997,115.1105
S1,Midterm 1,2,0.0231881125,5.989583333333379e-05,22.665666666666667,159.18933333333334
S1,Midterm 1,3,0.023209412500000002,0.003872395833333333,22.705,184.20133333333334
S1,Midterm 1,4,0.023284199999999998,0.001859374999999999,22.731,139.73333333333332
S1,Midterm 1,5,0.023268175,0.005674479166666666,22.752,111.75933333333334
S1,Midterm 1,6,0.023268158333333334,0.0016614583333333327,22.776999999999997,127.27966666666666
S1,Midterm 1,7,0.023390974999999998,-0.0005885416666666673,22.822999999999997,145.81116666666668
S1,Midterm 1,8,0.023396341666666667,0.0023046875000000003,22.861333333333334,142.29283333333333
S1,Midterm 1,9,0.02348705833333333,0.001065104166666667,22.901,152.65050000000002
S1,Midterm 1,10,0.023545804166666667,0.0020859375000000006,22.929,142.01666666666668
S1,Midterm 1,11,0.023529808333333332,0.00038020833333333347,22.942666666666664,110.88866666666667
S1,Midterm 1,12,0.023673983333333332,0.0004687499999999995,22.966,105.72466666666666
S1,Midterm 1,13,0.023711341666666667,-0.0008828125000000001,22.993333333333332,106.6855
S1,Midterm 1,14,0.0236793125,-0.0005286458333333335,23.000333333333334,115.33766666666666
S1,Midterm 1,15,0.02368462916666667,-0.0005859374999999998,23.031333333333336,130.4985
S1,Midterm 1,16,0.0237113375,0.0018307291666666665,23.042333333333332,109.68183333333333
S1,Midterm 1,17,0.023775429166666664,-0.0018359375000000005,23.067,100.96016666666667
S1,Midterm 1,18,0.023770091666666666,0.0032265625000000003,23.079333333333334,114.17016666666667
S1,Midterm 1,19,0.023802125,-0.000856770833333334,23.088666666666665,120.94066666666666
S1,Midterm 1,20,0.023844845833333333,0.0009218749999999998,23.097666666666665,146.89183333333332
S1,Midterm 1,21,0.023930291666666666,-0.0006588541666666666,23.12066666666667,156.31733333333335
S1,Midterm 1,22,0.0238448375,-0.0005442708333333337,23.135666666666665,172.5935
S1,Midterm 1,23,0.024010358333333332,-0.0004479166666666666,23.151,159.67950000000002
S1,Midterm 1,24,0.0238768625,0.0026953124999999976,23.156333333333333,123.65333333333334
S1,Midterm 1,25,0.023940970833333335,-0.0017682291666666673,23.175,114.01233333333333
S1,Midterm 1,26,0.023898233333333335,0.0006197916666666666,23.224,108.57133333333333
S1,Midterm 1,27,0.024085125,-0.001776041666666666,23.348,106.95833333333333
S1,Midterm 1,28,0.0242132875,0.0007656250000000006,23.522666666666666,108.78016666666667
S1,Midterm 1,29,0.0244055,0.0009348958333333324,23.679666666666666,95.47216666666667
S1,Midterm 1,30,0.024362766666666667,0.0009322916666666651,23.762333333333334,85.40983333333334
S1,Midterm 1,31,0.024490920833333332,-0.002760416666666668,23.772,91.07466666666667
S1,Midterm 1,32,0.024384120833333335,-0.001244791666666667,23.764333333333333,122.312
S1,Midterm 1,33,0.024250625,0.0011953124999999995,23.737333333333332,118.14349999999999
S1,Midterm 1,34,0.024330733333333333,-0.000229166666666667,23.695333333333334,126.72049999999999
S1,Midterm 1,35,0.024223933333333333,0.0004401041666666665,23.639,118.09733333333334
S1,Midterm 1,36,0.02424532083333333,0.0005234374999999996,23.578333333333333,108.22783333333334
S1,Midterm 1,37,0.024079779166666666,0.0008906249999999997,23.515333333333334,104.53150000000001
S1,Midterm 1,38,0.0240424125,-0.0010494791666666675,23.46033333333333,103.06216666666666
S1,Midterm 1,39,0.023967633333333335,0.0018203125,23.40266666666667,127.28266666666667
S1,Midterm 1,40,0.023892916666666666,-0.00010416666666666707,23.348333333333336,141.22083333333333
S1,Midterm 1,41,0.023898258333333332,-0.001708333333333333,23.29033333333333,136.17133333333334
S1,Midterm 1,42,0.023908891666666664,0.0007994791666666671,23.237666666666666,139.60716666666667
S1,Midterm 1,43,0.023855516666666667,-0.000276041666666667,23.186,140.7195
S1,Midterm 1,44,0.0238501875,-0.0003203125,23.137999999999998,137.47783333333334
S1,Midterm 1,45,0.023700691666666666,0.001497395833333333,23.096666666666668,132.65633333333332
S1,Midterm 1,46,0.023524475,-0.0006041666666666665,23.063,142.86316666666667
S1,Midterm 1,47,0.023593854166666664,0.0002473958333333339,23.038,176.37283333333335
S1,Midterm 1,48,0.0234924125,-0.0009192708333333329,23.005666666666666,160.49583333333334
S1,Midterm 1,49,0.023551166666666668,0.0007630208333333329,22.983999999999998,176.74249999999998
S1,Midterm 1,50,0.023535141666666665,0.0002109375000000002,22.976,190.79566666666668
S1,Midterm 1,51,0.023412320833333333,0.025294270833333334,22.967666666666666,176.5
S1,Midterm 1,52,0.02702165416666667,-0.02147395833333336,22.982333333333333,129.41666666666666
S1,Midterm 1,53,0.10405570416666667,-0.005690104166666667,23.344333333333335,116.35516666666668
S1,Midterm 1,54,0.34070929166666664,0.0022369791666667035,23.779,109.59216666666666
S1,Midterm 1,55,0.7345460458333334,-0.023632812499999992,24.354666666666667,98.49483333333333
S1,Midterm 1,56,0.6716926166666667,0.026598958333333332,25.113666666666667,104.971
S1,Midterm 1,57,0.46291401666666665,-0.007898437500000004,25.668333333333333,88.58433333333333
S1,Midterm 1,58,0.4801329541666667,0.009270833333333351,26.023000000000003,101.84083333333334
S1,Midterm 1,59,0.6376714250000001,0.000950520833333331,26.341333333333335,77.69333333333334
S1,Midterm 1,60,0.6528312666666667,-0.00518489583333334,26.592,77.1035
S1,Midterm 1,61,0.30188373749999997,-0.0003619791666666546,26.759666666666664,89.76849999999999
S1,Midterm 1,62,0.24401215416666666,0.0009062500000000025,26.909333333333333,82.50949999999999
S1,Midterm 1,63,0.7445195208333334,0.0014973958333333445,27.056333333333335,82.09483333333333
S1,Midterm 1,64,0.755208125,-0.00036458333333332603,27.166333333333334,64.72383333333333
S1,Midterm 1,65,0.7300235958333333,-0.0009531249999999995,27.271666666666665,69.96900000000001
S1,Midterm 1,66,0.7249299708333333,0.0009453125000000016,27.419666666666668,73.62666666666668
S1,Midterm 1,67,0.7249620541666667,-0.023630208333333336,27.528333333333332,76.56283333333334
S1,Midterm 1,68,0.6779556916666666,0.0176953125,27.59,78.6365
S1,Midterm 1,69,0.551245775,0.0018854166666666678,27.65533333333333,80.8325
S1,Midterm 1,70,0.4954671583333333,0.0027786458333333252,27.721999999999998,84.643
S1,Midterm 1,71,0.7046411583333333,-0.0011119791666666656,27.798,89.57133333333333
S1,Midterm 1,72,1.3030056458333334,-0.0013125000000000005,27.87,86.65383333333332
S1,Midterm 1,73,1.715482925,0.003583333333333339,27.954333333333334,82.32683333333333
S1,Midterm 1,74,1.7875582083333335,-0.003710937500000002,28.03666666666667,78.08633333333334
S1,Midterm 1,75,1.7527654750000001,-0.021140625,28.107666666666667,75.35266666666666
S1,Midterm 1,76,1.62816065,0.017020833333333332,28.159333333333333,83.04833333333333
S1,Midterm 1,77,1.7578987416666665,0.009083333333333332,28.192333333333334,89.69183333333334
S1,Midterm 1,78,1.5838713,-0.0035520833333333346,28.246333333333332,85.80483333333333
S1,Midterm 1,79,1.180585425,-0.00017708333333333012,28.304333333333332,83.94133333333333
S1,Midterm 1,80,1.4262670833333333,0.009278645833333337,28.327999999999996,90.04466666666667
S1,Midterm 1,81,2.199008145833333,-0.013572916666666664,28.345666666666666,87.75383333333335
S1,Midterm 1,82,1.9134673,0.003361979166666667,28.361333333333334,89.22683333333333
S1,Midterm 1,83,1.8177000333333333,0.0020468749999999988,28.375333333333334,81.5505
S1,Midterm 1,84,1.9708476833333333,-0.0015468749999999975,28.403666666666666,87.07283333333334
S1,Midterm 1,85,1.9276001416666666,-0.0006822916666666625,28.453,85.26666666666667
S1,Midterm 1,86,1.9934534541666666,0.0028750000000000047,28.506666666666668,77.74549999999999
S1,Midterm 1,87,2.0896922333333334,-0.0030286458333333333,28.540000000000003,67.29983333333334
S1,Midterm 1,88,1.6375851958333334,0.0011614583333333334,28.56866666666667,75.15783333333334
S1,Midterm 1,89,1.4274220125,0.0019739583333333362,28.579666666666665,79.22133333333333
S10,Midterm 1,0,0.018494025,-0.031023437499999983,22.137,93.4545
S10,Midterm 1,1,0.018632854166666667,0.005127604166666667,22.28666666666667,105.72266666666665
S10,Midterm 1,2,0.018670229166666667,0.003489583333333333,22.410333333333334,130.14633333333333
S10,Midterm 1,3,0.018825025,0.0030442708333333333,22.484333333333332,147.49383333333333
S10,Midterm 1,4,0.01882501666666667,0.004526041666666666,22.522000000000002,140.23583333333332
S10,Midterm 1,5,0.0187823,-6.510416666666679e-05,22.553,129.73866666666666
S10,Midterm 1,6,0.020560154166666667,0.002552083333333333,22.564,142.49033333333333
S10,Midterm 1,7,0.018899762500000004,0.003307291666666666,22.575666666666667,130.24166666666667
S10,Midterm 1,8,0.018921120833333336,0.0005312499999999991,22.588,114.58616666666667
S10,Midterm 1,9,0.018931791666666666,0.00019531250000000015,22.599,116.986
S10,Midterm 1,10,0.018926466666666666,0.0022369791666666666,22.607333333333333,110.3285
S10,Midterm 1,11,0.018867741666666667,-0.00026302083333333413,22.617666666666665,135.22533333333334
S10,Midterm 1,12,0.018921104166666664,0.0003411458333333331,22.631999999999998,170.29433333333333
S10,Midterm 1,13,0.018985179166666664,0.00033854166666666755,22.645333333333333,150.67216666666667
S10,Midterm 1,14,0.018953141666666666,0.0033307291666666667,22.649333333333335,133.562
S10,Midterm 1,15,0.018953125,-0.001072916666666666,22.665333333333333,114.33483333333334
S10,Midterm 1,16,0.019006508333333335,0.0009609375000000004,22.672666666666668,112.40766666666667
S10,Midterm 1,17,0.01910794166666667,-0.001067708333333333,22.678,124.06933333333333
S10,Midterm 1,18,0.019033191666666668,0.0006562500000000005,22.687333333333335,124.75216666666667
S10,Midterm 1,19,0.019091929166666667,0.0020937499999999997,22.691666666666666,120.3425
S10,Midterm 1,20,0.01901720416666667,-0.00047135416666666566,22.698,106.17833333333333
S10,Midterm 1,21,0.01909724583333333,-0.0018229166666666663,22.702333333333335,112.54299999999999
S10,Midterm 1,22,0.019171975,0.0014374999999999998,22.707333333333334,139.761
S10,Midterm 1,23,0.01911327083333333,0.0029296875,22.71966666666667,170.83350000000002
S10,Midterm 1,24,0.019139950000000003,-0.0016875000000000002,22.719333333333335,169.96633333333332
S10,Midterm 1,25,0.019139970833333336,0.0015338541666666658,22.723333333333336,167.59433333333334
S10,Midterm 1,26,0.019139950000000003,-0.003809895833333333,22.733666666666668,146.88233333333335
S10,Midterm 1,27,0.01939085,0.0007604166666666666,22.781333333333333,136.772
S10,Midterm 1,28,0.0195829875,0.0025859375000000006,22.892,129.22816666666665
S10,Midterm 1,29,0.019823204166666667,-0.0017760416666666662,23.06,111.923
S10,Midterm 1,30,0.019812520833333333,0.0014270833333333327,23.219,112.12316666666668
S10,Midterm 1,31,0.019887245833333334,-0.0017421875000000002,23.340333333333334,159.03883333333334
S10,Midterm 1,32,0.019908591666666666,0.0037187500000000007,23.416,172.43583333333333
S10,Midterm 1,33,0.0198392,-0.0003437499999999993,23.425666666666665,182.23783333333333
S10,Midterm 1,34,0.019807166666666664,-0.0007786458333333337,23.384,167.30033333333333
S10,Midterm 1,35,0.019695095833333332,0.0006822916666666663,23.31,132.127
S10,Midterm 1,36,0.019615020833333333,0.0007578124999999999,23.248,117.45983333333334
S10,Midterm 1,37,0.01958834166666667,-0.0028932291666666668,23.177333333333333,100.78866666666666
S10,Midterm 1,38,0.0194815875,0.0012343750000000002,23.110666666666663,111.90866666666668
S10,Midterm 1,39,0.019417541666666666,-0.0007838541666666671,23.047666666666668,115.80483333333333
S10,Midterm 1,40,0.019310762500000002,0.0023046875000000003,22.980999999999998,134.41299999999998
S10,Midterm 1,41,0.0192413875,-0.0008802083333333331,22.926666666666666,146.02866666666665
S10,Midterm 1,42,0.0193001125,-0.00036458333333333357,22.865666666666666,146.98933333333335
S10,Midterm 1,43,0.019043854166666666,-0.0004531249999999996,22.824666666666666,154.94883333333334
S10,Midterm 1,44,0.019038529166666665,-0.0011979166666666668,22.781333333333333,155.2165
S10,Midterm 1,45,0.018985170833333335,0.00044531249999999974,22.736333333333334,181.1005
S10,Midterm 1,46,0.018910466666666667,-2.6041666666666604e-05,22.689333333333334,162.733
S10,Midterm 1,47,0.018787666666666664,0.0010442708333333337,22.662333333333333,171.57783333333333
S10,Midterm 1,48,0.0189318,-0.0013229166666666673,22.628333333333334,167.0135
S10,Midterm 1,49,0.018899770833333333,1.3020833333332767e-05,22.601666666666667,151.8563333333333
S10,Midterm 1,50,0.0189104625,-0.00043750000000000044,22.583666666666666,127.744
S10,Midterm 1,51,0.018889079166666666,-0.0005208333333333333,22.566333333333333,111.2085
S10,Midterm 1,52,0.018830358333333335,-0.002018229166666666,22.540333333333333,104.762
S10,Midterm 1,53,0.0610394625,-0.005109375000000003,22.570333333333334,111.68783333333334
S10,Midterm 1,54,0.09334247500000001,0.004153645833333332,22.790000000000003,124.8405
S10,Midterm 1,55,0.087131,0.040359374999999996,23.005999999999997,124.98983333333334
S10,Midterm 1,56,0.3144880875,-0.03724739583333334,23.303,106.18816666666666
S10,Midterm 1,57,0.20819485833333334,0.023359375,23.925,89.64533333333334
S10,Midterm 1,58,0.22901649166666666,0.12054166666666667,24.562,84.89416666666666
S10,Midterm 1,59,0.22478797916666665,-0.12254166666666667,25.08833333333333,83.124
S10,Midterm 1,60,0.23810847083333334,-0.00973697916666666,25.516666666666666,107.01183333333333
S10,Midterm 1,61,0.2168117125,-0.0023567708333333322,25.844333333333335,104.6865
S10,Midterm 1,62,0.21048531666666664,-0.008963541666666651,26.109333333333332,100.0945
S10,Midterm 1,63,0.389407125,0.008328125,26.304,88.94033333333333
S10,Midterm 1,64,0.40912886666666665,-0.004742187499999996,26.45133333333333,73.70949999999999
S10,Midterm 1,65,0.34196586250000005,-0.016690104166666667,26.564333333333334,80.68299999999999
S10,Midterm 1,66,0.36493368333333337,0.012390625000000013,26.618,101.07566666666666
S10,Midterm 1,67,0.5386797708333333,0.0024765625000000052,26.670333333333335,89.83666666666666
S10,Midterm 1,68,0.5148275666666666,-0.121203125,26.763333333333332,95.83016666666667
S10,Midterm 1,69,0.4394484166666667,0.16123437499999999,26.879,109.64983333333333
S10,Midterm 1,70,0.40919828333333336,-0.010322916666666652,27.009333333333334,90.84816666666667
S10,Midterm 1,71,0.3697921791666667,-0.023179687500000004,27.113999999999997,99.60883333333332
S10,Midterm 1,72,0.3463491416666667,-0.002598958333333332,27.195333333333334,107.23266666666667
S10,Midterm 1,73,0.31814912916666666,-0.004531250000000008,27.269,90.84483333333333
S10,Midterm 1,74,0.29836318333333334,0.006278645833333331,27.329,76.26716666666667
S10,Midterm 1,75,0.3016893125,-0.004572916666666662,27.365333333333336,83.75066666666666
S10,Midterm 1,76,0.28536833333333333,0.0034453125000000057,27.396333333333335,87.68466666666667
S10,Midterm 1,77,0.28343565833333334,-0.002536458333333336,27.422,80.29016666666666
S10,Midterm 1,78,0.28508538333333333,-0.0006197916666666679,27.441,96.34016666666666
S10,Midterm 1,79,0.2809370625,-0.004919270833333336,27.464666666666666,146.47
S10,Midterm 1,80,0.2775522375,0.011523437500000006,27.492666666666665,123.37950000000001
S10,Midterm 1,81,0.273628125,-0.010182291666666671,27.509666666666668,89.29216666666666
S10,Midterm 1,82,0.281214675,0.0049036458333333284,27.51066666666667,102.04583333333333
S10,Midterm 1,83,0.28367059583333337,-0.003908854166666668,27.503333333333334,93.06433333333332
S10,Midterm 1,84,0.2692875708333334,0.0013723958333333338,27.48933333333333,63.93533333333333
S10,Midterm 1,85,0.27361209583333335,0.0012421874999999972,27.455,77.87083333333334
S10,Midterm 1,86,0.28385208749999996,-0.01726822916666666,27.429,82.00733333333332
S10,Midterm 1,87,0.29003452500000004,0.021859375000000007,27.452666666666666,87.71183333333333
S10,Midterm 1,88,0.29782929166666666,-0.0088515625,27.47733333333333,94.7155
S10,Midterm 1,89,0.3006322041666667,0.0016588541666666705,27.518666666666668,76.10716666666667
S2,Midterm 1,0,0.015569224999999999,-0.03235416666666664,22.625333333333334,98.05566666666667
S2,Midterm 1,1,0.0120507125,0.006145833333333334,22.698333333333334,97.109
S2,Midterm 1,2,0.011853145833333334,0.0010182291666666673,22.764666666666663,113.097
S2,Midterm 1,3,0.0116876125,0.0045546875,22.82133333333333,132.63066666666666
S2,Midterm 1,4,0.011457979166666667,0.002908854166666667,22.865000000000002,138.779
S2,Midterm 1,5,0.011522079166666668,0.0016640624999999993,22.897333333333332,159.61933333333334
S2,Midterm 1,6,0.0108065625,0.0038151041666666667,22.937,139.8165
S2,Midterm 1,7,0.010806541666666667,0.0025703125000000005,22.96333333333333,122.89883333333334
S2,Midterm 1,8,0.010587641666666666,0.000523437499999999,22.988999999999997,136.40233333333333
S2,Midterm 1,9,0.010811904166666667,0.0016223958333333325,23.013333333333332,150.585
S2,Midterm 1,10,0.011527445833333334,0.0028385416666666663,23.040333333333333,152.24783333333335
S2,Midterm 1,11,0.011500725,0.0017057291666666666,23.046666666666667,175.61416666666668
S2,Midterm 1,12,0.011522108333333333,-0.0002604166666666673,23.076,176.28549999999998
S2,Midterm 1,13,0.010806558333333332,-0.0003671875000000002,23.101333333333333,144.66066666666666
S2,Midterm 1,14,0.010747808333333332,0.0009296875000000003,23.115666666666666,124.20533333333333
S2,Midterm 1,15,0.010945404166666667,0.0005911458333333328,23.127999999999997,114.80083333333333
S2,Midterm 1,16,0.011388583333333334,0.0006953125000000002,23.140666666666664,147.74333333333334
S2,Midterm 1,17,0.011089558333333333,0.00033072916666666716,23.151666666666664,186.56300000000002
S2,Midterm 1,18,0.010913358333333335,-0.0004062499999999995,23.160333333333334,177.907
S2,Midterm 1,19,0.011014795833333334,-0.00015104166666666676,23.16866666666667,189.7595
S2,Midterm 1,20,0.011014833333333333,-0.0004427083333333332,23.181,187.64433333333332
S2,Midterm 1,21,0.010908029166666666,0.0017890625000000003,23.187666666666665,160.66199999999998
S2,Midterm 1,22,0.011644879166666667,0.0004895833333333328,23.200666666666667,170.21933333333334
S2,Midterm 1,23,0.011548770833333333,-0.0007265625000000002,23.21333333333333,180.5225
S2,Midterm 1,24,0.0118745125,-0.003908854166666665,23.221999999999998,140.799
S2,Midterm 1,25,0.011511404166666666,0.005544270833333333,23.234333333333332,114.00316666666666
S2,Midterm 1,26,0.011821104166666667,-0.0050234375,23.259,108.9975
S2,Midterm 1,27,0.011821083333333334,0.003083333333333333,23.337,108.19916666666667
S2,Midterm 1,28,0.012221537499999999,5.729166666666779e-05,23.476999999999997,109.20566666666667
S2,Midterm 1,29,0.012125425,0.0008750000000000009,23.654333333333334,121.89633333333333
S2,Midterm 1,30,0.013043833333333334,-0.0033229166666666663,23.83,132.4215
S2,Midterm 1,31,0.012493841666666667,0.0034218750000000004,23.950666666666667,95.57316666666667
S2,Midterm 1,32,0.012573975,-0.002408854166666667,24.00566666666667,89.3395
S2,Midterm 1,33,0.0124404125,0.0008776041666666665,23.997333333333334,107.17916666666666
S2,Midterm 1,34,0.012029329166666667,0.0008359375000000014,23.952666666666666,126.26533333333333
S2,Midterm 1,35,0.013054545833333332,-0.003348958333333333,23.915333333333333,145.82266666666666
S2,Midterm 1,36,0.013139958333333333,0.003924479166666666,23.851666666666667,171.32633333333334
S2,Midterm 1,37,0.012675408333333334,-0.0019322916666666677,23.781666666666663,184.66833333333335
S2,Midterm 1,38,0.012365712499999999,0.0015234374999999996,23.718333333333337,169.9725
S2,Midterm 1,39,0.012819583333333334,-0.0005963541666666665,23.663999999999998,191.73983333333334
S2,Midterm 1,40,0.012355070833333334,0.000286458333333333,23.60233333333333,186.69466666666668
S2,Midterm 1,41,0.012072033333333334,-0.0006875000000000005,23.537666666666667,158.9985
S2,Midterm 1,42,0.011799754166666667,0.0008255208333333333,23.48,182.6415
S2,Midterm 1,43,0.0124351375,0.0015937500000000003,23.415000000000003,190.96433333333334
S2,Midterm 1,44,0.012856933333333332,-0.0017057291666666668,23.360666666666667,167.62416666666667
S2,Midterm 1,45,0.012643366666666666,-0.0007447916666666664,23.30933333333333,150.6063333333333
S2,Midterm 1,46,0.0122322375,0.00041666666666666707,23.275333333333332,162.203
S2,Midterm 1,47,0.01198665,-0.0003411458333333328,23.247,192.193
S2,Midterm 1,48,0.012152158333333333,0.002403645833333333,23.21466666666667,193.99699999999999
S2,Midterm 1,49,0.011954545833333333,-0.002286458333333334,23.201333333333334,164.502
S2,Midterm 1,50,0.012226875,0.00012760416666666682,23.184,130.45933333333335
S2,Midterm 1,51,0.012435116666666666,0.0026901041666666666,23.17,122.65966666666667
S2,Midterm 1,52,0.012707429166666668,-0.002497395833333333,23.159,125.292
S2,Midterm 1,53,0.013086570833333333,0.0016250000000000004,23.151999999999997,109.83533333333334
S2,Midterm 1,54,0.0130705375,-0.0015729166666666665,23.145,121.541
S2,Midterm 1,55,0.013220045833333333,0.0012786458333333337,23.142666666666667,146.34233333333336
S2,Midterm 1,56,0.012568625,-0.0006770833333333332,23.137999999999998,135.60266666666666
S2,Midterm 1,57,0.011959904166666667,0.0009192708333333329,23.140666666666664,116.76583333333333
S2,Midterm 1,58,0.012237558333333334,-9.114583333333384e-05,23.148666666666664,107.82666666666667
S2,Midterm 1,59,0.011676941666666666,-0.0007968749999999995,23.157666666666668,112.6485
S2,Midterm 1,60,0.012162824999999999,0.0002942708333333334,23.163333333333334,99.88033333333333
S2,Midterm 1,61,0.011650245833333333,-0.0008463541666666667,23.165666666666667,98.40816666666666
S2,Midterm 1,62,0.07093467083333334,-0.0707109375,23.16166666666667,117.03383333333333
S2,Midterm 1,63,1.3134979041666668,0.07934635416666672,23.240666666666666,92.75450000000001
S2,Midterm 1,64,1.1843859416666667,-0.005062499999999992,23.72533333333333,93.67
S2,Midterm 1,65,1.1972627916666667,-0.02229947916666667,24.331333333333337,82.97683333333333
S2,Midterm 1,66,1.202380075,0.02110937500000002,24.91033333333333,85.635
S2,Midterm 1,67,1.0757119041666667,0.16925260416666663,25.41033333333333,81.40133333333333
S2,Midterm 1,68,0.8869637166666667,-0.15301041666666665,25.828,85.9555
S2,Midterm 1,69,0.8512658458333333,-0.013114583333333344,26.192999999999998,81.31099999999999
S2,Midterm 1,70,0.8579825916666667,0.03446614583333333,26.513666666666666,81.95533333333333
S2,Midterm 1,71,0.4351696375,-0.0020625,26.790000000000003,89.10516666666668
S2,Midterm 1,72,0.25560356666666667,-0.011338541666666658,27.03533333333333,102.41166666666666
S2,Midterm 1,73,0.18228564583333334,-0.0004947916666666654,27.337333333333333,106.11733333333333
S2,Midterm 1,74,0.28504927916666667,-0.0038828124999999982,27.667666666666666,104.97983333333333
S2,Midterm 1,75,0.34328393333333335,-0.0026171874999999997,28.03033333333333,99.45283333333333
S2,Midterm 1,76,0.3564610583333333,0.008244791666666666,28.400666666666666,87.36116666666666
S2,Midterm 1,77,0.32632658333333336,-0.08424739583333335,28.771333333333335,82.58916666666667
S2,Midterm 1,78,0.46057545833333335,0.07040104166666668,29.119000000000003,75.53733333333334
S2,Midterm 1,79,0.3264600833333333,-0.002554687499999991,29.404,85.49933333333334
S2,Midterm 1,80,0.2715570958333334,0.004716145833333333,29.64966666666667,107.40183333333333
S2,Midterm 1,81,0.28205400416666665,-0.007924479166666663,29.88533333333333,109.33666666666666
S2,Midterm 1,82,0.2937414541666667,0.0011380208333333281,30.119333333333334,93.75633333333333
S2,Midterm 1,83,0.24469558333333333,-0.0028463541666666693,30.352666666666668,98.28533333333333
S2,Midterm 1,84,0.2276421375,7.812499999993812e-06,30.58966666666667,82.78533333333333
S2,Midterm 1,85,0.1974169375,0.2846223958333333,30.842,74.72066666666666
S2,Midterm 1,86,0.22261261666666668,-0.28398958333333335,31.094333333333335,80.25
S2,Midterm 1,87,0.2211496875,1.0416666666665692e-05,31.28166666666667,81.08099999999999
S2,Midterm 1,88,0.2419672291666667,0.0004921874999999997,31.456666666666667,95.56649999999999
S2,Midterm 1,89,0.2451013375,0.00020833333333333283,31.641333333333332,99.09383333333334
S3,Midterm 1,0,0.003759366666666667,-0.02867708333333333,22.101,151.60133333333334
S3,Midterm 1,1,0.0009667166666666667,0.004119791666666668,22.157333333333334,173.67783333333333
S3,Midterm 1,2,0.0008866291666666667,0.004447916666666666,22.265,186.81416666666667
S3,Midterm 1,3,0.0004433333333333333,0.002197916666666666,22.375333333333334,193.92233333333334
S3,Midterm 1,4,0.0005608291666666667,0.002330729166666667,22.454333333333334,194.81550000000001
S3,Midterm 1,5,0.0008705999999999999,0.003447916666666667,22.496,185.0795
S3,Midterm 1,6,0.0006249125,0.0004166666666666665,22.527,172.3865
S3,Midterm 1,7,0.0006516291666666667,0.0010546874999999988,22.562,155.65883333333335
S3,Midterm 1,8,0.0006462875,0.0018255208333333333,22.581333333333337,151.07883333333334
S3,Midterm 1,9,0.0006142333333333333,0.0038098958333333322,22.601666666666667,125.10799999999999
S3,Midterm 1,10,0.0007851583333333333,-0.0011276041666666654,22.62,124.39966666666666
S3,Midterm 1,11,0.00036321666666666667,0.002385416666666667,22.642333333333333,124.93066666666667
S3,Midterm 1,12,0.00048069583333333333,-0.0005989583333333326,22.65233333333333,114.4095
S3,Midterm 1,13,0.0006996958333333333,0.001213541666666667,22.670666666666666,125.91683333333334
S3,Midterm 1,14,0.00040057916666666666,0.00014583333333333305,22.679666666666666,135.98383333333334
S3,Midterm 1,15,0.0007424166666666667,0.0009713541666666658,22.69066666666667,122.5215
S3,Midterm 1,16,0.0006302666666666667,0.002,22.699333333333335,107.33733333333333
S3,Midterm 1,17,0.0010895458333333333,-0.00303125,22.717333333333332,111.26883333333333
S3,Midterm 1,18,0.0006142458333333334,0.00036718749999999935,22.726333333333333,112.99433333333333
S3,Midterm 1,19,0.0010948874999999999,0.0013307291666666658,22.72266666666667,113.62083333333334
S3,Midterm 1,20,0.0010468,-0.00017187499999999915,22.735333333333337,109.5305
S3,Midterm 1,21,0.0005768583333333332,0.00047395833333333263,22.737333333333332,127.5085
S3,Midterm 1,22,0.0014899958333333334,0.0014322916666666672,22.74566666666667,153.681
S3,Midterm 1,23,0.0014312749999999999,0.004802083333333333,22.753666666666668,155.782
S3,Midterm 1,24,0.0013351708333333332,-0.005247395833333333,22.759333333333334,136.87633333333332
S3,Midterm 1,25,0.0011215583333333335,-0.0035729166666666656,22.792666666666666,109.258
S3,Midterm 1,26,0.00101475,0.00014062500000000042,22.886000000000003,108.34616666666666
S3,Midterm 1,27,0.0011429291666666668,0.0009505208333333332,23.029999999999998,108.8715
S3,Midterm 1,28,0.0010094166666666667,0.0025052083333333324,23.20266666666667,99.11766666666668
S3,Midterm 1,29,0.0009133,0.0005130208333333333,23.348333333333336,82.444
S3,Midterm 1,30,0.0007851291666666667,-0.0003593750000000006,23.428333333333335,97.02733333333335
S3,Midterm 1,31,0.000742375,0.0005052083333333336,23.462,110.13783333333335
S3,Midterm 1,32,0.0015433791666666667,-0.0005937500000000005,23.447666666666667,135.90666666666667
S3,Midterm 1,33,0.001970554166666667,-0.0006041666666666675,23.401333333333334,155.04816666666665
S3,Midterm 1,34,0.0015006791666666668,0.0016015625000000001,23.342,151.35183333333333
S3,Midterm 1,35,0.0013564875,-0.00013020833333333268,23.278000000000002,119.44833333333332
S3,Midterm 1,36,0.0015754333333333334,9.895833333333325e-05,23.206000000000003,111.24616666666667
S3,Midterm 1,37,0.0011749625,-0.00015104166666666654,23.134,101.82433333333333
S3,Midterm 1,38,0.0011696125,0.00033593750000000014,23.066333333333333,106.14516666666667
S3,Midterm 1,39,0.00122305,9.635416666666675e-05,23.001666666666665,106.6305
S3,Midterm 1,40,0.0010735,9.11458333333325e-05,22.947999999999997,101.17033333333333
S3,Midterm 1,41,0.0009293375,-0.0006223958333333343,22.903000000000002,104.82283333333334
S3,Midterm 1,42,0.0006356125,9.114583333333346e-05,22.851999999999997,109.16033333333333
S3,Midterm 1,43,0.00045934999999999997,-0.0011927083333333364,22.793333333333333,113.46416666666667
S3,Midterm 1,44,0.0005715041666666667,0.0010416666666666669,22.764333333333333,103.59233333333333
S3,Midterm 1,45,0.0005127666666666666,1.8229166666667434e-05,22.753666666666668,106.02766666666666
S3,Midterm 1,46,0.0010468250000000001,0.0007812499999999986,22.743333333333332,112.9655
S3,Midterm 1,47,0.0013404916666666666,0.00012239583333333313,22.719,125.78566666666667
S3,Midterm 1,48,0.0017142708333333333,-0.0001536458333333334,22.69766666666667,111.40450000000001
S3,Midterm 1,49,0.9771264416666666,-0.0021510416666666627,22.706666666666667,88.82600000000001
S3,Midterm 1,50,0.6101493166666666,0.04517447916666672,22.875,77.2975
S3,Midterm 1,51,0.5179915291666667,-0.038742187499999976,23.453,77.69283333333333
S3,Midterm 1,52,0.5047220166666667,0.2064036458333334,24.14966666666667,75.08333333333333
S3,Midterm 1,53,0.6534420291666667,-0.5110807291666667,24.709999999999997,78.22216666666667
S3,Midterm 1,54,0.8926453833333333,0.115515625,25.131333333333334,80.20583333333335
S3,Midterm 1,55,0.8127025291666666,0.18189062499999997,25.462,80.60416666666667
S3,Midterm 1,56,0.6509373125,0.001445312500000006,25.725,87.23683333333334
S3,Midterm 1,57,0.5969194083333333,0.014044270833333329,25.903666666666666,84.82366666666667
S3,Midterm 1,58,0.6662305875,-0.017638020833333327,26.028333333333332,110.75433333333334
S3,Midterm 1,59,0.9491889458333334,0.01885416666666667,26.130333333333333,103.71516666666666
S3,Midterm 1,60,1.08041565,-0.012596354166666665,26.24366666666667,91.89516666666667
S3,Midterm 1,61,1.2180821333333334,-0.003203124999999948,26.359666666666666,72.37349999999999
S3,Midterm 1,62,1.321759325,-0.005664062499999992,26.461333333333336,79.41483333333333
S3,Midterm 1,63,1.2472246416666666,0.044617187499999995,26.561333333333334,77.22250000000001
S3,Midterm 1,64,1.1004270041666666,-0.06191145833333333,26.643666666666665,84.47316666666667
S3,Midterm 1,65,1.1938796166666668,0.04395052083333333,26.711000000000002,77.49566666666666
S3,Midterm 1,66,1.2571087166666668,-0.013153645833333338,26.787666666666667,78.2965
S3,Midterm 1,67,1.1046391625,-0.01107812499999999,26.852333333333334,106.775
S3,Midterm 1,68,0.954155025,0.14990885416666666,26.94,92.14283333333333
S3,Midterm 1,69,1.176709,-0.12950520833333332,27.053,79.63166666666666
S3,Midterm 1,70,1.0103889125,0.004216145833333352,27.150666666666666,79.86133333333333
S3,Midterm 1,71,0.793974075,-0.05589583333333333,27.24566666666667,74.48016666666668
S3,Midterm 1,72,0.7006408458333334,0.04910156250000005,27.351999999999997,78.28183333333332
S3,Midterm 1,73,0.5464154958333334,-0.05135416666666666,27.500999999999998,97.69333333333334
S3,Midterm 1,74,0.4456953208333333,0.030481770833333335,27.662,101.55083333333333
S3,Midterm 1,75,0.3687962833333333,0.18770052083333333,27.816666666666666,82.73783333333334
S3,Midterm 1,76,0.36120839583333336,-0.18605989583333335,28.0,87.0595
S3,Midterm 1,77,0.32905181666666666,0.0022786458333333543,28.183,73.11016666666666
S3,Midterm 1,78,0.24825998333333335,-0.014268229166666655,28.354,88.83166666666666
S3,Midterm 1,79,0.23355940416666668,0.02836197916666667,28.509,95.67866666666667
S3,Midterm 1,80,0.20693496666666666,0.004171875000000005,28.64466666666667,76.31733333333334
S3,Midterm 1,81,0.18958580833333333,-0.026255208333333332,28.774333333333335,73.16716666666666
S3,Midterm 1,82,0.18937224166666666,0.03611458333333333,28.881666666666668,80.27633333333333
S3,Midterm 1,83,0.17779006666666666,-0.03445312500000001,28.959333333333333,81.02183333333332
S3,Midterm 1,84,0.22821420833333333,0.1052421875,29.026333333333337,79.788
S3,Midterm 1,85,0.18666489166666667,-0.10607552083333334,29.11433333333333,102.15716666666667
S3,Midterm 1,86,0.199710175,0.022359375000000018,29.207,95.02
S3,Midterm 1,87,0.17889010416666667,-0.019807291666666674,29.276333333333334,101.69433333333333
S3,Midterm 1,88,0.15139520833333334,0.0026640624999999993,29.346666666666668,106.08983333333335
S3,Midterm 1,89,0.1478388875,0.0064296874999999875,29.416666666666668,103.9795
S4,Midterm 1,0,0.0012011791666666667,-0.023020833333333338,21.783666666666665,140.10783333333333
S4,Midterm 1,1,0.0,0.001838541666666667,21.841333333333335,162.09716666666665
S4,Midterm 1,2,0.0,0.002046874999999999,21.903333333333332,171.44233333333335
S4,Midterm 1,3,0.0,0.0027968749999999994,21.953333333333333,166.944
S4,Midterm 1,4,0.0,0.0022500000000000007,22.007,167.92516666666668
S4,Midterm 1,5,0.0,0.0024739583333333332,22.05,167.54816666666665
S4,Midterm 1,6,0.0,0.0018072916666666656,22.086000000000002,174.66016666666667
S4,Midterm 1,7,0.0,0.0020833333333333333,22.110333333333333,158.25116666666665
S4,Midterm 1,8,0.0,-0.00037500000000000136,22.13266666666667,154.09383333333332
S4,Midterm 1,9,0.0,0.0005703125000000002,22.163666666666664,181.35316666666668
S4,Midterm 1,10,0.0,0.0014192708333333336,22.191333333333333,150.5546666666667
S4,Midterm 1,11,0.0,0.002403645833333334,22.213666666666665,125.56766666666667
S4,Midterm 1,12,0.0,-0.0013984375000000008,22.229,117.179
S4,Midterm 1,13,0.0,0.0007369791666666671,22.248,130.6295
S4,Midterm 1,14,0.0,0.0008124999999999991,22.259999999999998,126.84083333333334
S4,Midterm 1,15,0.0,0.000828125,22.276999999999997,109.66066666666667
S4,Midterm 1,16,0.0,-0.00020312499999999972,22.29,116.43466666666667
S4,Midterm 1,17,0.0,0.002015624999999999,22.30633333333333,138.65166666666667
S4,Midterm 1,18,0.0,-0.001591145833333333,22.320666666666668,137.02483333333333
S4,Midterm 1,19,0.0,0.0010234375000000005,22.325666666666667,145.51033333333334
S4,Midterm 1,20,0.0,-0.0015052083333333332,22.339333333333332,144.5485
S4,Midterm 1,21,0.0,0.0006953124999999998,22.349333333333334,146.97033333333331
S4,Midterm 1,22,0.0,0.0021484375000000006,22.358,152.70483333333334
S4,Midterm 1,23,0.0,-0.0016171875,22.37366666666667,135.821
S4,Midterm 1,24,0.0,0.0011250000000000001,22.385333333333335,146.509
S4,Midterm 1,25,0.0,-0.0008098958333333331,22.399,173.9935
S4,Midterm 1,26,0.0,0.0013489583333333333,22.447999999999997,163.47266666666667
S4,Midterm 1,27,0.0,-0.0010052083333333336,22.555333333333333,114.00183333333332
S4,Midterm 1,28,0.0,-0.0006093750000000006,22.718666666666667,111.79983333333332
S4,Midterm 1,29,0.0,0.002416666666666667,22.882333333333335,118.24066666666666
S4,Midterm 1,30,0.0,-0.001604166666666666,23.002333333333336,130.52016666666665
S4,Midterm 1,31,0.0,-0.0004973958333333321,23.07133333333333,126.501
S4,Midterm 1,32,0.0,0.0006979166666666678,23.07633333333333,105.01350000000001
S4,Midterm 1,33,0.0,0.0011484375,23.037666666666667,107.82083333333334
S4,Midterm 1,34,0.0,-0.001161458333333334,22.987000000000002,108.28649999999999
S4,Midterm 1,35,0.0,0.0007786458333333341,22.928,109.2665
S4,Midterm 1,36,0.0,-0.001244791666666666,22.87066666666667,105.23366666666668
S4,Midterm 1,37,0.0,-0.0009114583333333337,22.816333333333333,119.31216666666666
S4,Midterm 1,38,0.0,0.001109375,22.762,144.101
S4,Midterm 1,39,0.0,-3.645833333333344e-05,22.716,175.86833333333334
S4,Midterm 1,40,0.0,0.0018828124999999995,22.662333333333333,199.40716666666668
S4,Midterm 1,41,0.0,-0.001554687500000001,22.607666666666667,184.77333333333334
S4,Midterm 1,42,0.0,-0.0003932291666666666,22.567,152.61783333333332
S4,Midterm 1,43,0.0,0.00017447916666666642,22.52466666666667,157.45283333333333
S4,Midterm 1,44,0.016275550000000003,0.023611979166666675,22.488,145.19616666666667
S4,Midterm 1,45,1.7681347041666666,-0.039213541666666636,22.50633333333333,95.18783333333334
S4,Midterm 1,46,2.9839644958333333,0.018776041666666656,22.966,99.62933333333334
S4,Midterm 1,47,3.1298700083333335,0.0028489583333333396,23.681333333333335,94.19250000000001
S4,Midterm 1,48,3.0679587833333333,-0.00760416666666666,24.301333333333332,100.41733333333333
S4,Midterm 1,49,2.9639438041666666,0.0008541666666666575,24.770666666666667,90.61083333333333
S4,Midterm 1,50,2.616275491666667,-0.009794270833333332,25.148666666666667,78.11933333333333
S4,Midterm 1,51,2.2342735583333333,0.047164062499999986,25.433666666666667,78.05766666666666
S4,Midterm 1,52,2.0631734833333333,-0.033684895833333325,25.657333333333334,84.16266666666667
S4,Midterm 1,53,2.4770777041666667,0.0037031249999999933,25.850666666666665,104.65216666666667
S4,Midterm 1,54,2.3147097125,-0.009658854166666677,25.994666666666667,88.45833333333333
S4,Midterm 1,55,1.5882049875,0.005403645833333332,26.131666666666668,135.3675
S4,Midterm 1,56,1.5856837666666665,-0.002471354166666667,26.257333333333335,149.94883333333334
S4,Midterm 1,57,1.9219340375,0.011984375000000007,26.351,136.80266666666665
S4,Midterm 1,58,2.458721925,-0.015236979166666668,26.446,119.32366666666667
S4,Midterm 1,59,2.370129045833333,0.0015520833333333335,26.557333333333336,128.06033333333332
S4,Midterm 1,60,2.0559532833333334,0.004015625000000003,26.684,113.4235
S4,Midterm 1,61,1.7098804375,-0.0008124999999999976,26.774,83.76816666666667
S4,Midterm 1,62,1.4497664541666666,-0.0023593750000000017,26.814,96.15683333333332
S4,Midterm 1,63,1.3627103791666668,0.0012734375000000029,26.81933333333333,86.041
S4,Midterm 1,64,1.2764648666666667,0.002932291666666669,26.816333333333333,81.68599999999999
S4,Midterm 1,65,1.1689516291666666,-0.024080729166666665,26.813333333333333,75.77783333333333
S4,Midterm 1,66,1.0062056916666666,0.017755208333333335,26.809,83.4005
S4,Midterm 1,67,0.8851271875,0.011768229166666668,26.793666666666663,87.0745
S4,Midterm 1,68,0.8530745041666666,-0.0081328125,26.756666666666668,78.55733333333333
S4,Midterm 1,69,0.9080776875000001,-0.001369791666666657,26.729333333333333,100.452
S4,Midterm 1,70,0.8358737083333333,-0.008624999999999996,26.721,80.7425
S4,Midterm 1,71,0.7686932916666667,0.011200520833333335,26.735,97.452
S4,Midterm 1,72,0.6092465416666666,-0.002145833333333333,26.759,89.97250000000001
S4,Midterm 1,73,0.5037115583333333,0.0004453124999999978,26.796,69.09400000000001
S4,Midterm 1,74,0.4502806583333333,0.002125,26.832666666666668,85.73833333333333
S4,Midterm 1,75,0.4030984625,-0.001473958333333333,26.873333333333335,105.85883333333332
S4,Midterm 1,76,0.3541705625,-0.0019557291666666672,26.887666666666668,110.8785
S4,Midterm 1,77,0.3233564166666667,0.003528645833333334,26.898666666666667,95.7985
S4,Midterm 1,78,0.34149677500000003,-0.0021562500000000028,26.913333333333334,98.64450000000001
S4,Midterm 1,79,0.3115315416666667,0.0022421875000000003,26.907,80.97533333333334
S4,Midterm 1,80,0.2843902916666667,-0.005247395833333333,26.890333333333334,67.86516666666667
S4,Midterm 1,81,0.2496629333333333,0.0034895833333333337,26.83,61.99766666666667
S4,Midterm 1,82,0.2472445583333333,0.0002890624999999987,26.723333333333336,65.65566666666668
S4,Midterm 1,83,0.5339892333333334,0.015127604166666668,26.630666666666666,75.01283333333335
S4,Midterm 1,84,0.6115478375,-0.012111979166666668,26.581,90.88683333333333
S4,Midterm 1,85,0.5293286708333333,0.0005859375000000006,26.544,76.65933333333334
S4,Midterm 1,86,0.43566364166666666,-0.00428125,26.524,70.1765
S4,Midterm 1,87,0.3882733166666667,0.0010000000000000002,26.529999999999998,89.3505
S4,Midterm 1,88,0.3456074625,-0.0018203125000000012,26.555333333333333,93.37666666666668
S4,Midterm 1,89,0.29934894166666665,0.003361979166666667,26.571,82.67116666666666
S5,Midterm 1,0,0.0009074500000000001,-0.02496093749999998,22.217333333333332,164.0413333333333
S5,Midterm 1,1,0.0,0.0036848958333333334,22.266000000000002,198.4025
S5,Midterm 1,2,0.0,0.0049036458333333345,22.336000000000002,176.64633333333333
S5,Midterm 1,3,0.0,0.0010729166666666671,22.383,161.30916666666664
S5,Midterm 1,4,0.0,0.0013359374999999992,22.44066666666667,153.83233333333334
S5,Midterm 1,5,0.0,0.0014895833333333334,22.496666666666666,131.9
S5,Midterm 1,6,0.0,0.002882812500000001,22.54366666666667,130.91116666666667
S5,Midterm 1,7,0.0,0.00040624999999999976,22.57,127.42033333333333
S5,Midterm 1,8,0.0,0.002416666666666667,22.611333333333334,146.05233333333334
S5,Midterm 1,9,0.0,0.0009166666666666669,22.644333333333332,156.75133333333332
S5,Midterm 1,10,0.0,0.0025885416666666665,22.661,172.68216666666666
S5,Midterm 1,11,0.0,-0.0016432291666666665,22.687,161.408
S5,Midterm 1,12,0.0,0.0011666666666666661,22.707333333333334,161.06683333333334
S5,Midterm 1,13,0.0,-5.2083333333333445e-05,22.710333333333335,123.89833333333333
S5,Midterm 1,14,0.0,-0.0004739583333333339,22.720333333333333,164.512
S5,Midterm 1,15,0.0,0.0016510416666666672,22.741666666666667,151.082
S5,Midterm 1,16,0.0,0.00035677083333333345,22.75133333333333,126.69333333333334
S5,Midterm 1,17,0.0,0.0009531249999999998,22.765666666666668,105.74816666666668
S5,Midterm 1,18,0.0,-0.002197916666666666,22.78533333333333,99.22966666666666
S5,Midterm 1,19,0.0,0.003973958333333334,22.78666666666667,113.759
S5,Midterm 1,20,0.0,-0.003638020833333334,22.795,146.83216666666667
S5,Midterm 1,21,0.0,0.0008880208333333338,22.805333333333333,161.43383333333335
S5,Midterm 1,22,0.0,0.002984375,22.817,157.66216666666665
S5,Midterm 1,23,0.0,-0.0012968749999999999,22.826666666666664,155.62116666666668
S5,Midterm 1,24,0.0,-0.0006458333333333337,22.837,143.59283333333332
S5,Midterm 1,25,0.0,-0.002070312500000002,22.849333333333334,160.55866666666668
S5,Midterm 1,26,0.0,0.005007812500000001,22.861666666666668,122.36983333333333
S5,Midterm 1,27,0.0,-0.002049479166666665,22.900333333333332,108.00366666666667
S5,Midterm 1,28,0.0,-0.002783854166666668,23.02,108.89816666666667
S5,Midterm 1,29,0.0,0.0018984375000000002,23.19333333333333,106.86483333333334
S5,Midterm 1,30,0.0,-2.6041666666666055e-05,23.384,92.47566666666667
S5,Midterm 1,31,0.0,0.0002682291666666659,23.518666666666668,96.44916666666667
S5,Midterm 1,32,5.3375e-06,7.291666666666707e-05,23.581333333333337,104.59683333333334
S5,Midterm 1,33,0.0,0.0005442708333333349,23.580333333333332,115.45666666666666
S5,Midterm 1,34,0.0,-2.3437499999999675e-05,23.526,116.5285
S5,Midterm 1,35,0.0,0.00042447916666666735,23.453666666666667,123.63850000000001
S5,Midterm 1,36,0.0,-0.0006614583333333329,23.37633333333333,124.5745
S5,Midterm 1,37,0.0,0.00010416666666666769,23.298666666666666,148.45850000000002
S5,Midterm 1,38,0.0,-0.0006302083333333332,23.229,165.10083333333333
S5,Midterm 1,39,0.0,-0.0003645833333333334,23.148666666666667,178.13916666666668
S5,Midterm 1,40,0.0,0.00038802083333333326,23.084333333333333,189.21216666666666
S5,Midterm 1,41,0.0,0.0007057291666666657,23.029666666666667,174.129
S5,Midterm 1,42,0.0,0.0012265624999999994,22.972666666666665,141.416
S5,Midterm 1,43,0.0,-0.002127604166666666,22.922,127.08999999999999
S5,Midterm 1,44,0.0,0.0009401041666666666,22.874666666666666,140.27266666666668
S5,Midterm 1,45,0.0,-0.00039062500000000013,22.822666666666667,137.5455
S5,Midterm 1,46,0.0,-0.00128125,22.785999999999998,112.97816666666667
S5,Midterm 1,47,0.0,0.0012447916666666673,22.750666666666667,111.21116666666667
S5,Midterm 1,48,0.014373008333333333,0.0012083333333333178,22.724333333333334,109.571
S5,Midterm 1,49,0.6718159083333333,-0.07323697916666669,22.81833333333333,98.006
S5,Midterm 1,50,1.6093046916666667,0.052763020833333334,23.35533333333333,124.26916666666666
S5,Midterm 1,51,1.4375304958333333,0.05371093750000003,24.32,112.77250000000001
S5,Midterm 1,52,1.1285717416666665,-0.029861979166666656,25.187,80.27950000000001
S5,Midterm 1,53,1.2352378,-0.02384114583333335,25.874333333333333,79.71716666666666
S5,Midterm 1,54,0.6046248166666667,0.021682291666666666,26.423000000000002,78.765
S5,Midterm 1,55,0.4009787875,-0.002322916666666668,26.872333333333334,71.76700000000001
S5,Midterm 1,56,0.2716358291666667,0.006450520833333334,27.245333333333335,83.91616666666667
S5,Midterm 1,57,0.20976409166666665,-0.004307291666666668,27.56,83.821
S5,Midterm 1,58,0.1775871333333333,-0.0033046874999999995,27.833333333333332,99.14633333333333
S5,Midterm 1,59,0.16453594583333334,0.0024140625000000004,28.060333333333332,102.604
S5,Midterm 1,60,0.14101702916666667,0.0005807291666666658,28.259666666666664,108.97583333333334
S5,Midterm 1,61,0.12245714583333332,0.002885416666666672,28.438666666666666,111.092
S5,Midterm 1,62,0.1347610125,-0.008028645833333332,28.59733333333333,103.19033333333333
S5,Midterm 1,63,0.12273467083333332,0.009539062500000011,28.712666666666667,89.09133333333332
S5,Midterm 1,64,0.25473599583333334,0.0219765625,28.77733333333333,82.84116666666667
S5,Midterm 1,65,0.42553323333333337,-0.010223958333333333,28.842666666666666,79.23066666666666
S5,Midterm 1,66,0.44733862916666667,-0.015031250000000003,28.881333333333334,55.571333333333335
S5,Midterm 1,67,0.43805598333333334,0.0075260416666666635,28.900666666666666,70.18299999999999
S5,Midterm 1,68,0.34508022083333334,-0.003281249999999997,28.92866666666667,94.02383333333334
S5,Midterm 1,69,0.29881115416666665,0.016348958333333333,28.945333333333334,92.97383333333333
S5,Midterm 1,70,0.35201408749999996,-0.03941666666666666,28.956999999999997,99.62349999999999
S5,Midterm 1,71,0.3668641916666667,0.01775,28.96033333333333,101.99549999999999
S5,Midterm 1,72,0.2915569416666666,-0.008197916666666659,28.955333333333332,83.14833333333333
S5,Midterm 1,73,0.2529371458333333,0.0149609375,28.942666666666664,75.166
S5,Midterm 1,74,0.26973558333333336,0.013471354166666682,28.925,87.43383333333333
S5,Midterm 1,75,0.24870954166666664,-0.020302083333333335,28.912,90.39766666666667
S5,Midterm 1,76,0.218614375,0.0008072916666666697,28.9,89.89466666666667
S5,Midterm 1,77,0.19171128333333334,-0.008851562499999997,28.924333333333333,96.91916666666665
S5,Midterm 1,78,0.18032007083333335,0.007791666666666675,28.953666666666667,109.6275
S5,Midterm 1,79,0.1587709125,0.0047630208333333205,28.959,77.8715
S5,Midterm 1,80,0.13976794583333335,-0.0022682291666666554,28.980999999999998,68.93916666666668
S5,Midterm 1,81,0.13325039583333334,-0.01433854166666666,29.000999999999998,82.71366666666667
S5,Midterm 1,82,0.1445187375,0.008190104166666656,29.02766666666667,97.4395
S5,Midterm 1,83,0.13509198333333333,0.0008463541666666666,29.031333333333336,111.92816666666666
S5,Midterm 1,84,0.1385402,0.0003541666666666688,29.020333333333333,92.75566666666667
S5,Midterm 1,85,0.12584135416666667,-0.0030234374999999983,29.032333333333334,85.24
S5,Midterm 1,86,0.1165266625,-4.166666666666111e-05,29.057333333333336,95.04066666666667
S5,Midterm 1,87,0.12564925833333335,-0.0038489583333333357,29.07633333333333,93.19266666666667
S5,Midterm 1,88,0.11440745000000001,0.0018697916666666685,29.09466666666667,108.07716666666667
S5,Midterm 1,89,0.098756775,0.009598958333333333,29.105,114.10166666666667
S6,Midterm 1,0,0.0017454708333333332,-0.02322656249999997,22.417333333333332,148.39166666666668
S6,Midterm 1,1,1.60125e-05,0.0030052083333333337,22.486333333333334,165.95483333333334
S6,Midterm 1,2,5.3375e-06,0.0012578125000000007,22.544,147.83866666666665
S6,Midterm 1,3,0.0,0.004703125,22.603,134.26833333333335
S6,Midterm 1,4,0.0,0.0017916666666666667,22.661,121.4825
S6,Midterm 1,5,0.0,0.0001354166666666665,22.695333333333334,111.1855
S6,Midterm 1,6,0.0,0.002872395833333333,22.72266666666667,112.5055
S6,Midterm 1,7,0.0,-3.6458333333333526e-05,22.759333333333334,123.23783333333334
S6,Midterm 1,8,0.0,0.0014739583333333334,22.785,112.18016666666668
S6,Midterm 1,9,0.0,0.0011848958333333336,22.80733333333333,109.98833333333333
S6,Midterm 1,10,0.0,0.0008255208333333331,22.834333333333333,122.73483333333334
S6,Midterm 1,11,0.0,-0.00019531250000000047,22.845333333333333,127.11616666666667
S6,Midterm 1,12,0.0,0.0023437499999999995,22.871333333333332,137.433
S6,Midterm 1,13,0.0,-0.0007864583333333329,22.886000000000003,146.6281666666667
S6,Midterm 1,14,0.0,0.001182291666666667,22.9,142.24266666666665
S6,Midterm 1,15,0.0,0.00044010416666666666,22.912333333333333,126.61166666666666
S6,Midterm 1,16,0.0,0.00034895833333333334,22.92,107.8055
S6,Midterm 1,17,0.0,-0.0005078124999999997,22.93933333333333,127.17783333333334
S6,Midterm 1,18,0.0,-0.0003203124999999999,22.953666666666667,147.2578333333333
S6,Midterm 1,19,5.3375e-06,0.0016953124999999998,22.955666666666666,157.13683333333336
S6,Midterm 1,20,5.3375e-05,0.0022916666666666667,22.97233333333333,149.4135
S6,Midterm 1,21,3.2025e-05,-0.002015625000000001,22.987000000000002,137.26166666666668
S6,Midterm 1,22,1.0675e-05,4.427083333333204e-05,22.998,118.89166666666667
S6,Midterm 1,23,5.3375e-06,0.0008098958333333323,22.996666666666666,105.903
S6,Midterm 1,24,2.135e-05,-0.0015885416666666678,23.022000000000002,109.70733333333332
S6,Midterm 1,25,0.0,-0.0001380208333333338,23.061,105.06266666666667
S6,Midterm 1,26,0.0,0.0019765625,23.194000000000003,102.28566666666667
S6,Midterm 1,27,0.0,-0.000401041666666666,23.38133333333333,107.718
S6,Midterm 1,28,0.0,-0.0012942708333333335,23.583333333333332,100.44516666666667
S6,Midterm 1,29,0.0,0.0021692708333333334,23.750666666666667,86.687
S6,Midterm 1,30,0.0,0.0009479166666666673,23.830333333333332,85.24583333333334
S6,Midterm 1,31,0.0,-0.00025781250000000045,23.829333333333334,141.03883333333334
S6,Midterm 1,32,0.0,-0.001554687500000001,23.784,167.07533333333333
S6,Midterm 1,33,0.0,0.0016979166666666668,23.711000000000002,155.91266666666667
S6,Midterm 1,34,0.0,-0.0003828125000000001,23.642666666666667,132.25966666666667
S6,Midterm 1,35,0.0,3.6458333333333594e-05,23.574333333333335,125.2715
S6,Midterm 1,36,0.0,-0.0014296874999999998,23.505,106.66066666666667
S6,Midterm 1,37,0.0,0.00034114583333333425,23.445333333333334,121.33783333333334
S6,Midterm 1,38,0.0,0.00018229166666666678,23.381333333333334,143.3295
S6,Midterm 1,39,0.0,-0.0005729166666666666,23.318666666666665,159.35166666666666
S6,Midterm 1,40,0.0,0.0008802083333333333,23.258,168.27266666666668
S6,Midterm 1,41,0.0,0.00039583333333333343,23.20966666666667,149.32999999999998
S6,Midterm 1,42,5.3375e-06,-0.0006380208333333339,23.155666666666665,138.45933333333332
S6,Midterm 1,43,1.60125e-05,-0.0006458333333333337,23.11,123.79033333333334
S6,Midterm 1,44,0.0,0.0011614583333333338,23.06866666666667,116.2825
S6,Midterm 1,45,2.66875e-05,-0.0007161458333333331,23.018666666666668,121.854
S6,Midterm 1,46,0.0,-0.0007083333333333328,22.983666666666668,115.203
S6,Midterm 1,47,0.0,5.208333333333361e-05,22.949666666666666,104.05099999999999
S6,Midterm 1,48,0.0,0.001536458333333333,22.932666666666666,96.54400000000001
S6,Midterm 1,49,0.0,0.00035677083333333323,22.909333333333333,104.626
S6,Midterm 1,50,0.0,-0.001411458333333333,22.87933333333333,121.563
S6,Midterm 1,51,5.3375e-06,0.0016770833333333332,22.858666666666668,142.07433333333336
S6,Midterm 1,52,0.0,-0.0019973958333333345,22.852,137.86233333333334
S6,Midterm 1,53,0.0,0.00033333333333333235,22.83533333333333,168.90683333333334
S6,Midterm 1,54,5.3375e-06,-0.00045833333333333327,22.834666666666667,164.4705
S6,Midterm 1,55,0.025115116666666666,0.0012369791666666683,22.835666666666665,133.74183333333335
S6,Midterm 1,56,0.230562425,0.020703125,23.076999999999998,113.30316666666666
S6,Midterm 1,57,0.8432634833333333,-0.011460937499999987,23.625666666666667,89.461
S6,Midterm 1,58,0.8040124541666667,-0.009934895833333336,24.317333333333334,81.8355
S6,Midterm 1,59,0.8993369875,0.0007578124999999922,24.97266666666667,105.35483333333333
S6,Midterm 1,60,1.3152823041666666,0.004354166666666667,25.49233333333333,105.52266666666667
S6,Midterm 1,61,1.4362274625,0.024471354166666667,25.91,109.12899999999999
S6,Midterm 1,62,1.59788695,-0.027874999999999997,26.265666666666668,118.038
S6,Midterm 1,63,1.7051213541666668,-0.017458333333333333,26.595000000000002,99.341
S6,Midterm 1,64,1.5084887249999999,0.032598958333333324,26.85233333333333,94.227
S6,Midterm 1,65,1.1422259250000002,-0.014760416666666666,27.082,88.54666666666667
S6,Midterm 1,66,1.0735054916666666,0.002664062500000007,27.313666666666666,106.37100000000001
S6,Midterm 1,67,1.4279094416666667,-0.012783854166666662,27.546,117.94433333333333
S6,Midterm 1,68,1.4592191541666668,-0.03830989583333335,27.742666666666665,98.43766666666667
S6,Midterm 1,69,1.6884999416666666,0.053223958333333335,27.908,114.9475
S6,Midterm 1,70,1.4109310625,0.10422916666666666,28.015333333333334,115.443
S6,Midterm 1,71,1.45240135,-0.10259375,28.131666666666668,112.459
S6,Midterm 1,72,1.1958878333333334,-0.0018932291666666652,28.276,98.6485
S6,Midterm 1,73,1.0300838041666667,0.002729166666666662,28.449,104.34216666666666
S6,Midterm 1,74,1.6527395666666667,-0.0096015625,28.651999999999997,106.6105
S6,Midterm 1,75,1.6999507125000002,0.007145833333333339,28.865666666666666,106.11566666666666
S6,Midterm 1,76,1.1847689458333333,-0.004106770833333333,29.061666666666667,97.2745
S6,Midterm 1,77,1.1090826500000002,-0.003815104166666669,29.236666666666668,104.91383333333333
S6,Midterm 1,78,0.9411982125,0.0004505208333333322,29.384999999999998,85.14683333333333
S6,Midterm 1,79,0.8918265291666666,0.0018697916666666687,29.518666666666665,69.71583333333334
S6,Midterm 1,80,0.7468273875,-0.0027447916666666675,29.634666666666664,64.91366666666667
S6,Midterm 1,81,0.9719059208333333,-0.006101562499999996,29.744666666666667,63.88700000000001
S6,Midterm 1,82,1.1520872625,0.005960937500000003,29.846999999999998,70.16133333333333
S6,Midterm 1,83,1.0345997500000002,0.010385416666666671,29.933666666666667,67.27183333333333
S6,Midterm 1,84,0.9997324916666667,-0.009268229166666664,30.028000000000002,68.94733333333333
S6,Midterm 1,85,1.2387333583333333,0.0009401041666666679,30.12633333333333,95.2925
S6,Midterm 1,86,1.8012258083333335,-0.004869791666666668,30.231,126.60083333333334
S6,Midterm 1,87,2.184007320833333,0.004976562499999999,30.355666666666664,106.048
S6,Midterm 1,88,1.7773098458333334,0.007528645833333333,30.481333333333332,86.91333333333334
S6,Midterm 1,89,1.6674967708333335,-0.013341145833333335,30.61433333333333,89.2625
S7,Midterm 1,0,0.0015533166666666666,-0.021697916666666664,22.268666666666665,103.77166666666668
S7,Midterm 1,1,0.0,0.0027369791666666666,22.398666666666667,106.32466666666666
S7,Midterm 1,2,0.0,0.0020208333333333337,22.499666666666666,105.98766666666667
S7,Midterm 1,3,0.0,0.0016770833333333334,22.567,123.40249999999999
S7,Midterm 1,4,0.0,0.0024166666666666664,22.607000000000003,121.62883333333333
S7,Midterm 1,5,0.0,0.0008958333333333339,22.655666666666665,122.0005
S7,Midterm 1,6,0.0,0.0037864583333333335,22.727666666666668,123.54866666666666
S7,Midterm 1,7,0.0,-0.00032812499999999953,22.767333333333333,118.92866666666667
S7,Midterm 1,8,0.0,0.0006171875000000002,22.787666666666667,147.39583333333334
S7,Midterm 1,9,0.0,-3.906250000000007e-05,22.813666666666666,167.85883333333334
S7,Midterm 1,10,0.0,0.0019010416666666668,22.831,140.28
S7,Midterm 1,11,0.0,0.0005416666666666666,22.84466666666667,134.2425
S7,Midterm 1,12,0.0,0.0012994791666666669,22.856,147.04733333333334
S7,Midterm 1,13,0.0,0.0004739583333333338,22.86866666666667,130.47483333333332
S7,Midterm 1,14,0.0,0.0005234375000000004,22.88266666666667,115.6685
S7,Midterm 1,15,0.0,-0.0007109374999999991,22.88566666666667,131.71166666666667
S7,Midterm 1,16,0.0,0.0003385416666666662,22.897,136.90016666666668
S7,Midterm 1,17,0.0,0.0019635416666666664,22.907666666666668,124.68183333333333
S7,Midterm 1,18,0.0,-0.0013958333333333336,22.927,116.31216666666666
S7,Midterm 1,19,0.0,0.0014427083333333334,22.939666666666664,134.31283333333332
S7,Midterm 1,20,0.0,0.0006588541666666662,22.95133333333333,120.90316666666666
S7,Midterm 1,21,0.0,-0.0020781249999999997,22.964999999999996,108.89933333333333
S7,Midterm 1,22,0.0,0.0019375000000000004,22.969999999999995,123.48316666666666
S7,Midterm 1,23,0.0,0.0013723958333333329,22.973333333333333,140.12449999999998
S7,Midterm 1,24,0.0,-0.0015208333333333332,22.980999999999998,140.1045
S7,Midterm 1,25,0.0,0.0012656250000000003,23.014,152.06616666666665
S7,Midterm 1,26,0.0,0.0004010416666666662,23.112000000000002,169.90566666666666
S7,Midterm 1,27,0.0,-0.0020312500000000005,23.267666666666667,169.10716666666667
S7,Midterm 1,28,0.0,0.0012968749999999994,23.422666666666665,161.6328333333333
S7,Midterm 1,29,0.0,0.00025260416666666693,23.537666666666667,126.46883333333334
S7,Midterm 1,30,0.0,-0.000731770833333333,23.565333333333335,98.04916666666666
S7,Midterm 1,31,0.0,0.000721354166666666,23.557333333333336,102.64583333333333
S7,Midterm 1,32,0.0,0.0004973958333333325,23.529999999999998,98.6885
S7,Midterm 1,33,0.0,-9.114583333333312e-05,23.488333333333333,103.53933333333333
S7,Midterm 1,34,0.0,-0.0004557291666666661,23.433333333333334,111.45333333333333
S7,Midterm 1,35,0.0,-0.00014322916666666648,23.370333333333335,116.606
S7,Midterm 1,36,0.0,0.0009010416666666671,23.317333333333334,126.0355
S7,Midterm 1,37,0.0,-0.00037500000000000017,23.253666666666668,168.42366666666666
S7,Midterm 1,38,0.0,-0.000544270833333333,23.189000000000004,169.4535
S7,Midterm 1,39,0.0,0.0015364583333333326,23.140333333333334,185.81083333333333
S7,Midterm 1,40,0.0,-0.0016015624999999997,23.093666666666664,186.56550000000001
S7,Midterm 1,41,0.0,0.0006067708333333326,23.035666666666668,186.05216666666666
S7,Midterm 1,42,0.0,-0.0011692708333333334,22.976666666666667,179.26683333333332
S7,Midterm 1,43,0.0,-0.000354166666666667,22.923,150.00983333333335
S7,Midterm 1,44,0.0,0.0013151041666666671,22.875333333333334,155.86583333333334
S7,Midterm 1,45,0.0,0.0007578124999999999,22.842333333333332,128.4635
S7,Midterm 1,46,0.0,-0.0003671875000000006,22.813333333333333,114.2525
S7,Midterm 1,47,0.0,-0.000153645833333334,22.787,122.007
S7,Midterm 1,48,0.0,0.0002552083333333333,22.763333333333332,150.78933333333333
S7,Midterm 1,49,0.0,-0.0014713541666666655,22.748333333333335,162.86133333333333
S7,Midterm 1,50,0.0,0.000841145833333333,22.734666666666666,156.86633333333333
S7,Midterm 1,51,0.00012810833333333333,-0.0007499999999999997,22.733,142.88416666666666
S7,Midterm 1,52,0.0,0.002083333333333336,22.826,108.76883333333333
S7,Midterm 1,53,0.0,-0.0025520833333333337,23.124333333333333,91.17616666666666
S7,Midterm 1,54,0.010015037499999999,-0.001562500000000002,23.531333333333336,93.7765
S7,Midterm 1,55,0.06516239166666667,-0.01976562500000001,23.971666666666668,83.97816666666667
S7,Midterm 1,56,0.2501560625,0.114984375,24.453666666666667,76.28033333333333
S7,Midterm 1,57,0.26314855416666666,-0.08913020833333334,24.961333333333336,77.45966666666666
S7,Midterm 1,58,0.3907354041666667,-0.0029973958333333393,25.345333333333333,81.06649999999999
S7,Midterm 1,59,0.4672464291666667,0.11843229166666669,25.611666666666668,113.856
S7,Midterm 1,60,0.42928337499999997,-0.1579453125,25.842,90.46966666666667
S7,Midterm 1,61,0.36374695,0.007499999999999992,26.016000000000002,108.63000000000001
S7,Midterm 1,62,0.4089377125,0.031125,26.134333333333334,110.46016666666667
S7,Midterm 1,63,0.5158928291666667,-0.0006015624999999987,26.226333333333333,99.43733333333333
S7,Midterm 1,64,0.51121415,-0.010656249999999999,26.30933333333333,111.4645
S7,Midterm 1,65,0.6154348958333333,0.011257812499999997,26.380333333333333,88.704
S7,Midterm 1,66,0.5010700666666666,0.0019739583333333323,26.433666666666667,99.53466666666667
S7,Midterm 1,67,0.5103371833333333,-0.0022734375000000116,26.496333333333332,97.24533333333333
S7,Midterm 1,68,0.5775948541666666,-0.0009843749999999833,26.537333333333333,91.2735
S7,Midterm 1,69,0.727375975,0.006401041666666665,26.562333333333335,101.713
S7,Midterm 1,70,0.7692786833333333,-0.005835937499999998,26.584,111.26966666666667
S7,Midterm 1,71,0.7173300458333334,0.011122395833333335,26.613666666666667,113.58283333333334
S7,Midterm 1,72,0.5642511833333334,-0.011325520833333335,26.65,116.72800000000001
S7,Midterm 1,73,0.41152117083333334,0.008895833333333335,26.69633333333333,108.51433333333333
S7,Midterm 1,74,0.47248019999999996,-0.0014661458333333306,26.741333333333333,89.36
S7,Midterm 1,75,0.39505369583333333,0.0026640624999999993,26.770333333333333,84.3235
S7,Midterm 1,76,0.352638625,-0.01173177083333333,26.78533333333333,75.09966666666666
S7,Midterm 1,77,0.36148891666666666,0.008557291666666664,26.785999999999998,89.83283333333334
S7,Midterm 1,78,0.27851638749999996,-0.006815104166666665,26.793666666666663,88.80316666666666
S7,Midterm 1,79,0.35513681249999995,-0.0005651041666666671,26.801666666666666,78.4
S7,Midterm 1,80,0.39191502083333335,0.0008932291666666671,26.82633333333333,91.88633333333334
S7,Midterm 1,81,0.32535125416666666,0.004114583333333334,26.851333333333336,84.63216666666668
S7,Midterm 1,82,0.23527395833333334,-0.008617187500000002,26.879666666666665,97.146
S7,Midterm 1,83,0.2694473125,0.005966145833333335,26.903000000000002,81.53150000000001
S7,Midterm 1,84,0.2764719583333333,-0.12841927083333332,26.924666666666667,81.7915
S7,Midterm 1,85,0.3445303708333334,0.12707291666666667,26.934666666666665,124.88533333333334
S7,Midterm 1,86,0.24902441666666666,0.0019401041666666703,26.93433333333333,157.148
S7,Midterm 1,87,0.23138259166666666,0.008450520833333336,26.921666666666667,105.97566666666667
S7,Midterm 1,88,0.1913963,-0.014296874999999999,26.915333333333333,99.22283333333333
S7,Midterm 1,89,0.14016827916666666,0.004815104166666666,26.928,108.84966666666668
S8,Midterm 1,0,0.0037059833333333335,-0.02344791666666666,22.596999999999998,94.4365
S8,Midterm 1,1,0.000683675,0.004502604166666666,22.659,134.18533333333332
S8,Midterm 1,2,0.0006142375,0.0021067708333333333,22.731333333333335,151.81966666666668
S8,Midterm 1,3,0.00031514166666666665,0.00128125,22.785666666666664,139.62383333333335
S8,Midterm 1,4,0.00032580833333333334,0.0030182291666666665,22.836666666666666,158.48950000000002
S8,Midterm 1,5,0.0006942958333333334,0.0009244791666666661,22.863333333333333,192.45200000000003
S8,Midterm 1,6,0.0011162166666666667,0.0024244791666666664,22.912333333333333,191.32999999999998
S8,Midterm 1,7,0.0011108625,0.0002916666666666675,22.976666666666667,175.22733333333332
S8,Midterm 1,8,0.0012283541666666667,-0.0001796874999999997,23.026,168.71533333333335
S8,Midterm 1,9,0.0007744624999999999,0.0022942708333333335,23.064333333333334,132.05566666666667
S8,Midterm 1,10,0.0011055333333333333,0.00011458333333333337,23.087,133.45483333333334
S8,Midterm 1,11,0.0004807083333333333,0.0004140624999999993,23.113333333333333,139.32533333333333
S8,Midterm 1,12,0.0008225208333333333,0.002013020833333334,23.13,163.13916666666668
S8,Midterm 1,13,0.00042194166666666665,-9.114583333333256e-05,23.145666666666667,172.56016666666667
S8,Midterm 1,14,0.0005234458333333333,0.0014895833333333343,23.157333333333334,178.608
S8,Midterm 1,15,0.0012657249999999999,-0.0010989583333333335,23.166666666666668,169.5505
S8,Midterm 1,16,0.0007157166666666667,0.0014036458333333336,23.177666666666667,188.5775
S8,Midterm 1,17,0.0006355999999999999,-0.0011119791666666667,23.18566666666667,173.626
S8,Midterm 1,18,0.0006729958333333333,0.0015078124999999998,23.192,183.21450000000002
S8,Midterm 1,19,0.0005074291666666667,-0.00017447916666666656,23.195666666666668,161.3021666666667
S8,Midterm 1,20,0.00024035833333333333,0.0006354166666666667,23.207333333333334,141.051
S8,Midterm 1,21,0.0005074083333333334,0.0016875000000000004,23.218666666666667,151.83800000000002
S8,Midterm 1,22,0.0004112791666666667,-0.0021953125,23.225666666666665,125.87650000000001
S8,Midterm 1,23,0.0002884166666666667,0.001317708333333334,23.233,125.01066666666667
S8,Midterm 1,24,0.0002724041666666667,-0.0008333333333333336,23.236,112.03500000000001
S8,Midterm 1,25,0.00023500833333333333,0.0014713541666666664,23.259999999999998,106.0205
S8,Midterm 1,26,0.00027773749999999997,-0.002057291666666667,23.346,106.88183333333333
S8,Midterm 1,27,0.0005875333333333333,0.002231770833333334,23.491,95.82166666666667
S8,Midterm 1,28,0.00024034166666666665,-0.0008749999999999998,23.66433333333333,105.53850000000001
S8,Midterm 1,29,0.0004913958333333334,0.0020156249999999996,23.819,98.80116666666666
S8,Midterm 1,30,0.0002670666666666667,-0.0013307291666666667,23.89966666666667,86.92
S8,Midterm 1,31,0.00033648749999999996,-0.0014296875000000006,23.912,81.4275
S8,Midterm 1,32,0.00031512500000000003,0.0004635416666666666,23.89466666666667,102.76849999999999
S8,Midterm 1,33,0.0004967458333333333,0.0016588541666666668,23.874333333333333,114.387
S8,Midterm 1,34,0.0004913625,-0.0015468749999999996,23.837,132.00933333333333
S8,Midterm 1,35,0.00033649166666666666,-3.6458333333333716e-05,23.79,127.64566666666666
S8,Midterm 1,36,0.0003792166666666666,0.0011666666666666665,23.723333333333336,115.16266666666667
S8,Midterm 1,37,0.0008331875,0.0008307291666666668,23.645333333333333,119.80683333333333
S8,Midterm 1,38,0.0005181083333333334,-0.0008541666666666672,23.576,132.0325
S8,Midterm 1,39,0.0005234458333333333,-0.001078125,23.515333333333334,121.19116666666667
S8,Midterm 1,40,0.00017624166666666666,0.002018229166666667,23.45633333333333,137.81466666666665
S8,Midterm 1,41,0.0001495375,-0.00044010416666666704,23.396666666666665,142.9905
S8,Midterm 1,42,0.0003097875,-0.0012135416666666672,23.334999999999997,138.28733333333332
S8,Midterm 1,43,0.00033648749999999996,0.0009088541666666661,23.28533333333333,115.1315
S8,Midterm 1,44,0.00020294583333333333,-0.001598958333333333,23.238333333333333,105.25466666666667
S8,Midterm 1,45,0.0003097833333333333,0.0006328125000000001,23.204666666666665,109.25949999999999
S8,Midterm 1,46,0.0002991,-5.98958333333336e-05,23.171666666666667,129.29766666666666
S8,Midterm 1,47,0.00021899166666666667,-6.250000000000026e-05,23.137333333333334,134.10616666666667
S8,Midterm 1,48,0.00013887083333333333,0.0011250000000000001,23.117,163.61216666666667
S8,Midterm 1,49,0.00017091666666666668,-8.854166666666697e-05,23.098666666666666,163.54283333333333
S8,Midterm 1,50,0.0001655625,0.00017968749999999983,23.079666666666665,161.17683333333335
S8,Midterm 1,51,0.0003097833333333333,1.5625000000000614e-05,23.06066666666667,142.76116666666667
S8,Midterm 1,52,0.00048067916666666666,-0.0008307291666666667,23.043333333333337,119.90966666666667
S8,Midterm 1,53,0.00051275,-0.0002916666666666667,23.03066666666667,112.52166666666668
S8,Midterm 1,54,0.0007050166666666667,0.0007135416666666674,23.023666666666667,126.80199999999999
S8,Midterm 1,55,0.0007263958333333333,0.009953124999999998,23.01,134.113
S8,Midterm 1,56,0.5956702541666666,-0.014187499999999995,23.035000000000004,135.703
S8,Midterm 1,57,0.8942649874999999,0.004036458333333313,23.422,140.33599999999998
S8,Midterm 1,58,0.4893241,0.000473958333333335,24.201666666666664,111.512
S8,Midterm 1,59,0.4692601625,-0.0028541666666666685,24.942,102.5355
S8,Midterm 1,60,0.42710745,0.002507812499999998,25.535666666666668,92.21833333333333
S8,Midterm 1,61,0.3440407916666667,0.00012239583333333227,26.003,102.90133333333333
S8,Midterm 1,62,0.2658655125,-0.0001302083333333332,26.334999999999997,113.3135
S8,Midterm 1,63,0.24128622083333334,-0.01986197916666667,26.563,109.33066666666667
S8,Midterm 1,64,0.1929766875,0.0183671875,26.721,104.09816666666667
S8,Midterm 1,65,0.25493485833333335,0.0006588541666666669,26.82133333333333,117.5485
S8,Midterm 1,66,0.242434275,0.004286458333333338,26.904,93.98966666666666
S8,Midterm 1,67,0.32720695,-0.004330729166666677,26.983,80.394
S8,Midterm 1,68,0.5147129291666667,0.011593749999999998,27.029333333333334,85.93766666666667
S8,Midterm 1,69,0.5054002083333333,0.006408854166666667,27.084999999999997,81.29733333333334
S8,Midterm 1,70,0.46805467916666665,-0.015145833333333332,27.16466666666667,84.52583333333334
S8,Midterm 1,71,0.3994096833333333,-0.002708333333333333,27.270666666666667,100.4395
S8,Midterm 1,72,0.33166307916666665,-0.0025442708333333333,27.382333333333335,98.15566666666668
S8,Midterm 1,73,0.19791647083333333,0.002739583333333333,27.471,85.65866666666668
S8,Midterm 1,74,0.40851227083333336,-0.0031640625000000015,27.548333333333336,76.62716666666667
S8,Midterm 1,75,0.40527393749999996,0.003838541666666667,27.621333333333332,72.42516666666667
S8,Midterm 1,76,0.29705712500000003,0.0011744791666666679,27.730666666666664,72.77333333333333
S8,Midterm 1,77,0.5103079791666667,-0.0020755208333333307,27.845333333333333,82.236
S8,Midterm 1,78,0.42483800833333335,-0.002828125,27.96966666666667,81.61983333333333
S8,Midterm 1,79,0.5381868708333334,-0.003229166666666665,28.099,78.22866666666667
S8,Midterm 1,80,0.5391641125,0.009729166666666667,28.226333333333333,79.65016666666666
S8,Midterm 1,81,0.5477505416666666,-0.0029843749999999983,28.329333333333334,79.568
S8,Midterm 1,82,0.5432234166666666,0.0001015624999999988,28.416,81.387
S8,Midterm 1,83,0.3143564291666667,-0.004890625000000001,28.512999999999998,79.02616666666667
S8,Midterm 1,84,0.4109399375,0.003729166666666666,28.613333333333333,70.627
S8,Midterm 1,85,0.35063553333333336,0.00024218750000000003,28.705333333333336,74.03099999999999
S8,Midterm 1,86,0.291977375,-0.0003515625000000001,28.798666666666666,71.067
S8,Midterm 1,87,0.46762087083333337,0.0015572916666666656,28.87933333333333,81.10383333333333
S8,Midterm 1,88,0.27386462083333335,-0.0006171875000000003,28.94833333333333,100.20533333333333
S8,Midterm 1,89,0.46677717083333337,-0.0061354166666666675,29.003333333333334,84.38683333333333
S9,Midterm 1,0,0.016562158333333334,-0.02984895833333332,22.2,117.13116666666666
S9,Midterm 1,1,0.0139996125,0.004565104166666666,22.258,134.06766666666667
S9,Midterm 1,2,0.013615145833333333,0.0034869791666666677,22.308,134.27883333333332
S9,Midterm 1,3,0.013396216666666665,0.0030312500000000005,22.357000000000003,149.72433333333336
S9,Midterm 1,4,0.013353520833333334,0.003747395833333332,22.416666666666668,118.50916666666667
S9,Midterm 1,5,0.013668558333333332,0.000906249999999999,22.457333333333334,110.35766666666667
S9,Midterm 1,6,0.013433604166666667,0.0027317708333333326,22.491,139.89583333333334
S9,Midterm 1,7,0.013049166666666667,0.0008515625000000006,22.521333333333335,141.13500000000002
S9,Midterm 1,8,0.013155974999999999,0.0015625000000000007,22.555333333333333,138.25916666666666
S9,Midterm 1,9,0.013113241666666666,0.0012708333333333332,22.586666666666666,154.9805
S9,Midterm 1,10,0.013593779166666665,0.0016458333333333331,22.611333333333334,144.0115
S9,Midterm 1,11,0.013556404166666668,0.0016953125,22.634999999999998,129.47483333333332
S9,Midterm 1,12,0.0136365,0.00021354166666666632,22.658,133.74583333333334
S9,Midterm 1,13,0.0136258375,-0.000601562500000001,22.674333333333333,156.2288333333333
S9,Midterm 1,14,0.013935541666666666,0.0011979166666666677,22.701666666666668,185.19683333333333
S9,Midterm 1,15,0.014982033333333334,0.002091145833333334,22.720000000000002,152.32066666666665
S9,Midterm 1,16,0.014255891666666666,-0.0012317708333333323,22.73,142.44
S9,Midterm 1,17,0.0138500875,0.0006927083333333338,22.747666666666664,166.818
S9,Midterm 1,18,0.013684541666666666,0.0003281250000000002,22.764,188.27300000000002
S9,Midterm 1,19,0.0144160875,0.0003828125000000002,22.779999999999998,171.9095
S9,Midterm 1,20,0.014389395833333334,-0.001143229166666667,22.791666666666668,143.53133333333335
S9,Midterm 1,21,0.014960670833333333,0.0018776041666666676,22.810333333333332,118.59516666666667
S9,Midterm 1,22,0.014554904166666665,0.0006901041666666667,22.819,118.229
S9,Midterm 1,23,0.01376465,0.0004036458333333335,22.834333333333333,114.048
S9,Midterm 1,24,0.013882154166666666,-0.0009036458333333331,22.849666666666668,120.63683333333333
S9,Midterm 1,25,0.01296375,0.0002734374999999992,22.862666666666666,129.89366666666666
S9,Midterm 1,26,0.013428304166666665,-0.0007031249999999991,22.901333333333334,109.8145
S9,Midterm 1,27,0.0137646625,0.0007135416666666668,23.007333333333335,108.65116666666667
S9,Midterm 1,28,0.0135777625,-0.0014973958333333326,23.163999999999998,108.44983333333333
S9,Midterm 1,29,0.013561770833333332,0.0014453125000000004,23.334666666666667,105.6535
S9,Midterm 1,30,0.012931729166666666,0.0004348958333333342,23.46333333333333,104.76883333333333
S9,Midterm 1,31,0.012979741666666666,-0.0021796874999999998,23.535666666666668,115.7295
S9,Midterm 1,32,0.013401583333333333,-0.0002161458333333329,23.569333333333336,113.39266666666667
S9,Midterm 1,33,0.013401579166666667,0.00020052083333333296,23.561333333333334,111.74483333333333
S9,Midterm 1,34,0.0135884625,-0.0012500000000000005,23.517,121.2915
S9,Midterm 1,35,0.013647191666666668,0.002895833333333334,23.459333333333333,110.644
S9,Midterm 1,36,0.01342295,-0.0004140624999999998,23.390666666666668,104.47800000000001
S9,Midterm 1,37,0.012638029166666667,-0.0006093749999999999,23.322,104.2175
S9,Midterm 1,38,0.01323605,0.0011562500000000004,23.252333333333336,134.75166666666667
S9,Midterm 1,39,0.012792891666666667,0.001239583333333333,23.194666666666667,131.34683333333334
S9,Midterm 1,40,0.012755520833333334,-0.002734375,23.137999999999998,131.27316666666667
S9,Midterm 1,41,0.013193341666666667,0.0013411458333333335,23.091666666666665,155.29916666666668
S9,Midterm 1,42,0.013236033333333334,-0.001416666666666667,23.028000000000002,146.13083333333333
S9,Midterm 1,43,0.013545737499999998,0.0013437499999999997,22.973,119.4105
S9,Midterm 1,44,0.013604470833333333,0.0018281250000000005,22.930666666666664,107.26783333333333
S9,Midterm 1,45,0.012851629166666666,-0.0018932291666666668,22.882,123.953
S9,Midterm 1,46,0.013401591666666665,-0.0017031249999999991,22.850666666666665,149.22983333333335
S9,Midterm 1,47,0.02233940833333333,0.0011562500000000002,22.826666666666664,132.51516666666666
S9,Midterm 1,48,0.25546945416666667,0.010307291666666718,22.829333333333334,132.79033333333334
S9,Midterm 1,49,0.3973967166666667,0.059869791666666776,23.129666666666665,147.20116666666667
S9,Midterm 1,50,0.31996766249999997,-0.06784375000000001,23.857666666666667,120.30333333333333
S9,Midterm 1,51,0.22824015416666665,-0.002354166666666674,24.59,100.59366666666666
S9,Midterm 1,52,0.3653722375,-0.0004817708333333157,25.149333333333335,95.13766666666668
S9,Midterm 1,53,0.3111686708333333,-0.0010989583333333214,25.576,101.67033333333333
S9,Midterm 1,54,0.23350466250000002,0.00035156249999999863,25.916,128.96183333333335
S9,Midterm 1,55,0.2059117875,0.0011458333333333381,26.198666666666668,134.49966666666668
S9,Midterm 1,56,0.201955475,0.001695312500000006,26.430999999999997,113.08333333333333
S9,Midterm 1,57,0.19687765,0.013953125000000005,26.648666666666667,109.19316666666667
S9,Midterm 1,58,0.1973047625,-0.014734375000000015,26.853,89.6685
S9,Midterm 1,59,0.22137924166666664,-0.0007838541666667066,27.03166666666667,96.31316666666666
S9,Midterm 1,60,0.20289499583333334,0.002000000000000009,27.154333333333334,76.29366666666667
S9,Midterm 1,61,0.19666399166666668,-0.002427083333333335,27.254666666666665,81.59216666666666
S9,Midterm 1,62,0.19791889583333333,0.0001640625000000142,27.356333333333335,92.26316666666666
S9,Midterm 1,63,0.20394690833333332,0.003229166666666669,27.43,68.88716666666666
S9,Midterm 1,64,0.2059436625,-0.0008776041666666665,27.464333333333332,70.67399999999999
S9,Midterm 1,65,0.2055166125,0.05479427083333333,27.467,79.64833333333333
S9,Midterm 1,66,0.19291059166666666,-0.056869791666666704,27.460666666666665,104.39166666666667
S9,Midterm 1,67,0.17036326666666665,0.003330729166666654,27.471,150.73783333333333
S9,Midterm 1,68,0.15846218333333334,-0.018953125,27.491666666666667,119.334
S9,Midterm 1,69,0.16849990416666666,-0.005619791666666676,27.528333333333332,91.81016666666666
S9,Midterm 1,70,0.1759481208333333,0.037695312500000015,27.571666666666665,74.059
S9,Midterm 1,71,0.18816406666666669,0.002791666666666709,27.623666666666665,79.39433333333334
S9,Midterm 1,72,0.193802325,-0.002411458333333344,27.672333333333334,79.70783333333334
S9,Midterm 1,73,0.19622624583333334,-0.001981770833333319,27.744333333333334,92.44333333333334
S9,Midterm 1,74,0.197390325,6.770833333331615e-05,27.822666666666667,104.04133333333334
S9,Midterm 1,75,0.2022811375,-0.004901041666666679,27.897333333333332,98.76216666666666
S9,Midterm 1,76,0.204459425,0.0027812499999999778,27.961,84.35183333333333
S9,Midterm 1,77,0.2147213875,-0.008377604166666658,28.028666666666666,87.43066666666667
S9,Midterm 1,78,0.22765819583333335,0.008966145833333373,28.087,81.38333333333334
S9,Midterm 1,79,0.23322176249999998,-0.0018802083333333422,28.142666666666667,75.60583333333334
S9,Midterm 1,80,0.23809113333333334,-0.0028307291666666273,28.187333333333335,73.00866666666667
S9,Midterm 1,81,0.23922832083333334,-0.0006067708333333363,28.238333333333333,95.0245
S9,Midterm 1,82,0.24577413750000002,-0.03330468749999995,28.291,76.9225
S9,Midterm 1,83,0.2526402375,0.030234375000000015,28.342,102.29383333333334
S9,Midterm 1,84,0.258209075,0.003705729166666646,28.371333333333332,98.29633333333332
S9,Midterm 1,85,0.2641783625,-0.0037812500000000008,28.401666666666664,93.39866666666667
S9,Midterm 1,86,0.2652997,-0.05616927083333335,28.435,91.4215
S9,Midterm 1,87,0.2699820333333333,0.03861458333333332,28.483999999999998,95.55483333333333
S9,Midterm 1,88,0.26178641666666663,0.02283854166666667,28.51366666666667,89.42266666666666
S9,Midterm 1,89,0.27122615,-0.021867187500000006,28.535333333333334,92.3785
