Student,Exam,Minute,EDA,BVP,TEMP,HR,Grade
S1,Midterm 1,0,0.023038604,-0.025354167,22.519,102.3966667,78
S1,Midterm 1,1,0.023140012,0.005171875,22.602,115.1105,78
S1,Midterm 1,2,0.023188113,5.99E-05,22.66566667,159.1893333,78
S1,Midterm 1,3,0.023209413,0.003872396,22.705,184.2013333,78
S1,Midterm 1,4,0.0232842,0.001859375,22.731,139.7333333,78
S1,Midterm 1,5,0.023268175,0.005674479,22.752,111.7593333,78
S1,Midterm 1,6,0.023268158,0.001661458,22.777,127.2796667,78
S1,Midterm 1,7,0.023390975,-0.000588542,22.823,145.8111667,78
S1,Midterm 1,8,0.023396342,0.002304688,22.86133333,142.2928333,78
S1,Midterm 1,9,0.023487058,0.001065104,22.901,152.6505,78
S1,Midterm 1,10,0.023545804,0.002085938,22.929,142.0166667,78
S1,Midterm 1,11,0.023529808,0.000380208,22.94266667,110.8886667,78
S1,Midterm 1,12,0.023673983,0.00046875,22.966,105.7246667,78
S1,Midterm 1,13,0.023711342,-0.000882813,22.99333333,106.6855,78
S1,Midterm 1,14,0.023679313,-0.000528646,23.00033333,115.3376667,78
S1,Midterm 1,15,0.023684629,-0.000585937,23.03133333,130.4985,78
S1,Midterm 1,16,0.023711338,0.001830729,23.04233333,109.6818333,78
S1,Midterm 1,17,0.023775429,-0.001835938,23.067,100.9601667,78
S1,Midterm 1,18,0.023770092,0.003226563,23.07933333,114.1701667,78
S1,Midterm 1,19,0.023802125,-0.000856771,23.08866667,120.9406667,78
S1,Midterm 1,20,0.023844846,0.000921875,23.09766667,146.8918333,78
S1,Midterm 1,21,0.023930292,-0.000658854,23.12066667,156.3173333,78
S1,Midterm 1,22,0.023844838,-0.000544271,23.13566667,172.5935,78
S1,Midterm 1,23,0.024010358,-0.000447917,23.151,159.6795,78
S1,Midterm 1,24,0.023876863,0.002695312,23.15633333,123.6533333,78
S1,Midterm 1,25,0.023940971,-0.001768229,23.175,114.0123333,78
S1,Midterm 1,26,0.023898233,0.000619792,23.224,108.5713333,78
S1,Midterm 1,27,0.024085125,-0.001776042,23.348,106.9583333,78
S1,Midterm 1,28,0.024213288,0.000765625,23.52266667,108.7801667,78
S1,Midterm 1,29,0.0244055,0.000934896,23.67966667,95.47216667,78
S1,Midterm 1,30,0.024362767,0.000932292,23.76233333,85.40983333,78
S1,Midterm 1,31,0.024490921,-0.002760417,23.772,91.07466667,78
S1,Midterm 1,32,0.024384121,-0.001244792,23.76433333,122.312,78
S1,Midterm 1,33,0.024250625,0.001195312,23.73733333,118.1435,78
S1,Midterm 1,34,0.024330733,-0.000229167,23.69533333,126.7205,78
S1,Midterm 1,35,0.024223933,0.000440104,23.639,118.0973333,78
S1,Midterm 1,36,0.024245321,0.000523437,23.57833333,108.2278333,78
S1,Midterm 1,37,0.024079779,0.000890625,23.51533333,104.5315,78
S1,Midterm 1,38,0.024042413,-0.001049479,23.46033333,103.0621667,78
S1,Midterm 1,39,0.023967633,0.001820313,23.40266667,127.2826667,78
S1,Midterm 1,40,0.023892917,-0.000104167,23.34833333,141.2208333,78
S1,Midterm 1,41,0.023898258,-0.001708333,23.29033333,136.1713333,78
S1,Midterm 1,42,0.023908892,0.000799479,23.23766667,139.6071667,78
S1,Midterm 1,43,0.023855517,-0.000276042,23.186,140.7195,78
S1,Midterm 1,44,0.023850188,-0.000320313,23.138,137.4778333,78
S1,Midterm 1,45,0.023700692,0.001497396,23.09666667,132.6563333,78
S1,Midterm 1,46,0.023524475,-0.000604167,23.063,142.8631667,78
S1,Midterm 1,47,0.023593854,0.000247396,23.038,176.3728333,78
S1,Midterm 1,48,0.023492413,-0.000919271,23.00566667,160.4958333,78
S1,Midterm 1,49,0.023551167,0.000763021,22.984,176.7425,78
S1,Midterm 1,50,0.023535142,0.000210938,22.976,190.7956667,78
S1,Midterm 1,51,0.023412321,0.025294271,22.96766667,176.5,78
S1,Midterm 1,52,0.027021654,-0.021473958,22.98233333,129.4166667,78
S1,Midterm 1,53,0.104055704,-0.005690104,23.34433333,116.3551667,78
S1,Midterm 1,54,0.340709292,0.002236979,23.779,109.5921667,78
S1,Midterm 1,55,0.734546046,-0.023632812,24.35466667,98.49483333,78
S1,Midterm 1,56,0.671692617,0.026598958,25.11366667,104.971,78
S1,Midterm 1,57,0.462914017,-0.007898438,25.66833333,88.58433333,78
S1,Midterm 1,58,0.480132954,0.009270833,26.023,101.8408333,78
S1,Midterm 1,59,0.637671425,0.000950521,26.34133333,77.69333333,78
S1,Midterm 1,60,0.652831267,-0.005184896,26.592,77.1035,78
S1,Midterm 1,61,0.301883737,-0.000361979,26.75966667,89.7685,78
S1,Midterm 1,62,0.244012154,0.00090625,26.90933333,82.5095,78
S1,Midterm 1,63,0.744519521,0.001497396,27.05633333,82.09483333,78
S1,Midterm 1,64,0.755208125,-0.000364583,27.16633333,64.72383333,78
S1,Midterm 1,65,0.730023596,-0.000953125,27.27166667,69.969,78
S1,Midterm 1,66,0.724929971,0.000945313,27.41966667,73.62666667,78
S1,Midterm 1,67,0.724962054,-0.023630208,27.52833333,76.56283333,78
S1,Midterm 1,68,0.677955692,0.017695313,27.59,78.6365,78
S1,Midterm 1,69,0.551245775,0.001885417,27.65533333,80.8325,78
S1,Midterm 1,70,0.495467158,0.002778646,27.722,84.643,78
S1,Midterm 1,71,0.704641158,-0.001111979,27.798,89.57133333,78
S1,Midterm 1,72,1.303005646,-0.0013125,27.87,86.65383333,78
S1,Midterm 1,73,1.715482925,0.003583333,27.95433333,82.32683333,78
S1,Midterm 1,74,1.787558208,-0.003710938,28.03666667,78.08633333,78
S1,Midterm 1,75,1.752765475,-0.021140625,28.10766667,75.35266667,78
S1,Midterm 1,76,1.62816065,0.017020833,28.15933333,83.04833333,78
S1,Midterm 1,77,1.757898742,0.009083333,28.19233333,89.69183333,78
S1,Midterm 1,78,1.5838713,-0.003552083,28.24633333,85.80483333,78
S1,Midterm 1,79,1.180585425,-0.000177083,28.30433333,83.94133333,78
S1,Midterm 1,80,1.426267083,0.009278646,28.328,90.04466667,78
S1,Midterm 1,81,2.199008146,-0.013572917,28.34566667,87.75383333,78
S1,Midterm 1,82,1.9134673,0.003361979,28.36133333,89.22683333,78
S1,Midterm 1,83,1.817700033,0.002046875,28.37533333,81.5505,78
S1,Midterm 1,84,1.970847683,-0.001546875,28.40366667,87.07283333,78
S1,Midterm 1,85,1.927600142,-0.000682292,28.453,85.26666667,78
S1,Midterm 1,86,1.993453454,0.002875,28.50666667,77.7455,78
S1,Midterm 1,87,2.089692233,-0.003028646,28.54,67.29983333,78
S1,Midterm 1,88,1.637585196,0.001161458,28.56866667,75.15783333,78
S1,Midterm 1,89,1.427422013,0.001973958,28.57966667,79.22133333,78
S2,Midterm 1,0,0.015569225,-0.032354167,22.62533333,98.05566667,82
S2,Midterm 1,1,0.012050713,0.006145833,22.69833333,97.109,82
S2,Midterm 1,2,0.011853146,0.001018229,22.76466667,113.097,82
S2,Midterm 1,3,0.011687613,0.004554688,22.82133333,132.6306667,82
S2,Midterm 1,4,0.011457979,0.002908854,22.865,138.779,82
S2,Midterm 1,5,0.011522079,0.001664062,22.89733333,159.6193333,82
S2,Midterm 1,6,0.010806563,0.003815104,22.937,139.8165,82
S2,Midterm 1,7,0.010806542,0.002570313,22.96333333,122.8988333,82
S2,Midterm 1,8,0.010587642,0.000523437,22.989,136.4023333,82
S2,Midterm 1,9,0.010811904,0.001622396,23.01333333,150.585,82
S2,Midterm 1,10,0.011527446,0.002838542,23.04033333,152.2478333,82
S2,Midterm 1,11,0.011500725,0.001705729,23.04666667,175.6141667,82
S2,Midterm 1,12,0.011522108,-0.000260417,23.076,176.2855,82
S2,Midterm 1,13,0.010806558,-0.000367188,23.10133333,144.6606667,82
S2,Midterm 1,14,0.010747808,0.000929688,23.11566667,124.2053333,82
S2,Midterm 1,15,0.010945404,0.000591146,23.128,114.8008333,82
S2,Midterm 1,16,0.011388583,0.000695313,23.14066667,147.7433333,82
S2,Midterm 1,17,0.011089558,0.000330729,23.15166667,186.563,82
S2,Midterm 1,18,0.010913358,-0.00040625,23.16033333,177.907,82
S2,Midterm 1,19,0.011014796,-0.000151042,23.16866667,189.7595,82
S2,Midterm 1,20,0.011014833,-0.000442708,23.181,187.6443333,82
S2,Midterm 1,21,0.010908029,0.001789063,23.18766667,160.662,82
S2,Midterm 1,22,0.011644879,0.000489583,23.20066667,170.2193333,82
S2,Midterm 1,23,0.011548771,-0.000726563,23.21333333,180.5225,82
S2,Midterm 1,24,0.011874513,-0.003908854,23.222,140.799,82
S2,Midterm 1,25,0.011511404,0.005544271,23.23433333,114.0031667,82
S2,Midterm 1,26,0.011821104,-0.005023438,23.259,108.9975,82
S2,Midterm 1,27,0.011821083,0.003083333,23.337,108.1991667,82
S2,Midterm 1,28,0.012221537,5.73E-05,23.477,109.2056667,82
S2,Midterm 1,29,0.012125425,0.000875,23.65433333,121.8963333,82
S2,Midterm 1,30,0.013043833,-0.003322917,23.83,132.4215,82
S2,Midterm 1,31,0.012493842,0.003421875,23.95066667,95.57316667,82
S2,Midterm 1,32,0.012573975,-0.002408854,24.00566667,89.3395,82
S2,Midterm 1,33,0.012440413,0.000877604,23.99733333,107.1791667,82
S2,Midterm 1,34,0.012029329,0.000835938,23.95266667,126.2653333,82
S2,Midterm 1,35,0.013054546,-0.003348958,23.91533333,145.8226667,82
S2,Midterm 1,36,0.013139958,0.003924479,23.85166667,171.3263333,82
S2,Midterm 1,37,0.012675408,-0.001932292,23.78166667,184.6683333,82
S2,Midterm 1,38,0.012365712,0.001523437,23.71833333,169.9725,82
S2,Midterm 1,39,0.012819583,-0.000596354,23.664,191.7398333,82
S2,Midterm 1,40,0.012355071,0.000286458,23.60233333,186.6946667,82
S2,Midterm 1,41,0.012072033,-0.0006875,23.53766667,158.9985,82
S2,Midterm 1,42,0.011799754,0.000825521,23.48,182.6415,82
S2,Midterm 1,43,0.012435138,0.00159375,23.415,190.9643333,82
S2,Midterm 1,44,0.012856933,-0.001705729,23.36066667,167.6241667,82
S2,Midterm 1,45,0.012643367,-0.000744792,23.30933333,150.6063333,82
S2,Midterm 1,46,0.012232238,0.000416667,23.27533333,162.203,82
S2,Midterm 1,47,0.01198665,-0.000341146,23.247,192.193,82
S2,Midterm 1,48,0.012152158,0.002403646,23.21466667,193.997,82
S2,Midterm 1,49,0.011954546,-0.002286458,23.20133333,164.502,82
S2,Midterm 1,50,0.012226875,0.000127604,23.184,130.4593333,82
S2,Midterm 1,51,0.012435117,0.002690104,23.17,122.6596667,82
S2,Midterm 1,52,0.012707429,-0.002497396,23.159,125.292,82
S2,Midterm 1,53,0.013086571,0.001625,23.152,109.8353333,82
S2,Midterm 1,54,0.013070538,-0.001572917,23.145,121.541,82
S2,Midterm 1,55,0.013220046,0.001278646,23.14266667,146.3423333,82
S2,Midterm 1,56,0.012568625,-0.000677083,23.138,135.6026667,82
S2,Midterm 1,57,0.011959904,0.000919271,23.14066667,116.7658333,82
S2,Midterm 1,58,0.012237558,-9.11E-05,23.14866667,107.8266667,82
S2,Midterm 1,59,0.011676942,-0.000796875,23.15766667,112.6485,82
S2,Midterm 1,60,0.012162825,0.000294271,23.16333333,99.88033333,82
S2,Midterm 1,61,0.011650246,-0.000846354,23.16566667,98.40816667,82
S2,Midterm 1,62,0.070934671,-0.070710938,23.16166667,117.0338333,82
S2,Midterm 1,63,1.313497904,0.079346354,23.24066667,92.7545,82
S2,Midterm 1,64,1.184385942,-0.0050625,23.72533333,93.67,82
S2,Midterm 1,65,1.197262792,-0.022299479,24.33133333,82.97683333,82
S2,Midterm 1,66,1.202380075,0.021109375,24.91033333,85.635,82
S2,Midterm 1,67,1.075711904,0.169252604,25.41033333,81.40133333,82
S2,Midterm 1,68,0.886963717,-0.153010417,25.828,85.9555,82
S2,Midterm 1,69,0.851265846,-0.013114583,26.193,81.311,82
S2,Midterm 1,70,0.857982592,0.034466146,26.51366667,81.95533333,82
S2,Midterm 1,71,0.435169638,-0.0020625,26.79,89.10516667,82
S2,Midterm 1,72,0.255603567,-0.011338542,27.03533333,102.4116667,82
S2,Midterm 1,73,0.182285646,-0.000494792,27.33733333,106.1173333,82
S2,Midterm 1,74,0.285049279,-0.003882812,27.66766667,104.9798333,82
S2,Midterm 1,75,0.343283933,-0.002617187,28.03033333,99.45283333,82
S2,Midterm 1,76,0.356461058,0.008244792,28.40066667,87.36116667,82
S2,Midterm 1,77,0.326326583,-0.084247396,28.77133333,82.58916667,82
S2,Midterm 1,78,0.460575458,0.070401042,29.119,75.53733333,82
S2,Midterm 1,79,0.326460083,-0.002554687,29.404,85.49933333,82
S2,Midterm 1,80,0.271557096,0.004716146,29.64966667,107.4018333,82
S2,Midterm 1,81,0.282054004,-0.007924479,29.88533333,109.3366667,82
S2,Midterm 1,82,0.293741454,0.001138021,30.11933333,93.75633333,82
S2,Midterm 1,83,0.244695583,-0.002846354,30.35266667,98.28533333,82
S2,Midterm 1,84,0.227642138,7.81E-06,30.58966667,82.78533333,82
S2,Midterm 1,85,0.197416938,0.284622396,30.842,74.72066667,82
S2,Midterm 1,86,0.222612617,-0.283989583,31.09433333,80.25,82
S2,Midterm 1,87,0.221149688,1.04E-05,31.28166667,81.081,82
S2,Midterm 1,88,0.241967229,0.000492187,31.45666667,95.5665,82
S2,Midterm 1,89,0.245101338,0.000208333,31.64133333,99.09383333,82
S3,Midterm 1,0,0.003759367,-0.028677083,22.101,151.6013333,77
S3,Midterm 1,1,0.000966717,0.004119792,22.15733333,173.6778333,77
S3,Midterm 1,2,0.000886629,0.004447917,22.265,186.8141667,77
S3,Midterm 1,3,0.000443333,0.002197917,22.37533333,193.9223333,77
S3,Midterm 1,4,0.000560829,0.002330729,22.45433333,194.8155,77
S3,Midterm 1,5,0.0008706,0.003447917,22.496,185.0795,77
S3,Midterm 1,6,0.000624913,0.000416667,22.527,172.3865,77
S3,Midterm 1,7,0.000651629,0.001054687,22.562,155.6588333,77
S3,Midterm 1,8,0.000646288,0.001825521,22.58133333,151.0788333,77
S3,Midterm 1,9,0.000614233,0.003809896,22.60166667,125.108,77
S3,Midterm 1,10,0.000785158,-0.001127604,22.62,124.3996667,77
S3,Midterm 1,11,0.000363217,0.002385417,22.64233333,124.9306667,77
S3,Midterm 1,12,0.000480696,-0.000598958,22.65233333,114.4095,77
S3,Midterm 1,13,0.000699696,0.001213542,22.67066667,125.9168333,77
S3,Midterm 1,14,0.000400579,0.000145833,22.67966667,135.9838333,77
S3,Midterm 1,15,0.000742417,0.000971354,22.69066667,122.5215,77
S3,Midterm 1,16,0.000630267,0.002,22.69933333,107.3373333,77
S3,Midterm 1,17,0.001089546,-0.00303125,22.71733333,111.2688333,77
S3,Midterm 1,18,0.000614246,0.000367187,22.72633333,112.9943333,77
S3,Midterm 1,19,0.001094887,0.001330729,22.72266667,113.6208333,77
S3,Midterm 1,20,0.0010468,-0.000171875,22.73533333,109.5305,77
S3,Midterm 1,21,0.000576858,0.000473958,22.73733333,127.5085,77
S3,Midterm 1,22,0.001489996,0.001432292,22.74566667,153.681,77
S3,Midterm 1,23,0.001431275,0.004802083,22.75366667,155.782,77
S3,Midterm 1,24,0.001335171,-0.005247396,22.75933333,136.8763333,77
S3,Midterm 1,25,0.001121558,-0.003572917,22.79266667,109.258,77
S3,Midterm 1,26,0.00101475,0.000140625,22.886,108.3461667,77
S3,Midterm 1,27,0.001142929,0.000950521,23.03,108.8715,77
S3,Midterm 1,28,0.001009417,0.002505208,23.20266667,99.11766667,77
S3,Midterm 1,29,0.0009133,0.000513021,23.34833333,82.444,77
S3,Midterm 1,30,0.000785129,-0.000359375,23.42833333,97.02733333,77
S3,Midterm 1,31,0.000742375,0.000505208,23.462,110.1378333,77
S3,Midterm 1,32,0.001543379,-0.00059375,23.44766667,135.9066667,77
S3,Midterm 1,33,0.001970554,-0.000604167,23.40133333,155.0481667,77
S3,Midterm 1,34,0.001500679,0.001601563,23.342,151.3518333,77
S3,Midterm 1,35,0.001356488,-0.000130208,23.278,119.4483333,77
S3,Midterm 1,36,0.001575433,9.90E-05,23.206,111.2461667,77
S3,Midterm 1,37,0.001174963,-0.000151042,23.134,101.8243333,77
S3,Midterm 1,38,0.001169613,0.000335938,23.06633333,106.1451667,77
S3,Midterm 1,39,0.00122305,9.64E-05,23.00166667,106.6305,77
S3,Midterm 1,40,0.0010735,9.11E-05,22.948,101.1703333,77
S3,Midterm 1,41,0.000929338,-0.000622396,22.903,104.8228333,77
S3,Midterm 1,42,0.000635613,9.11E-05,22.852,109.1603333,77
S3,Midterm 1,43,0.00045935,-0.001192708,22.79333333,113.4641667,77
S3,Midterm 1,44,0.000571504,0.001041667,22.76433333,103.5923333,77
S3,Midterm 1,45,0.000512767,1.82E-05,22.75366667,106.0276667,77
S3,Midterm 1,46,0.001046825,0.00078125,22.74333333,112.9655,77
S3,Midterm 1,47,0.001340492,0.000122396,22.719,125.7856667,77
S3,Midterm 1,48,0.001714271,-0.000153646,22.69766667,111.4045,77
S3,Midterm 1,49,0.977126442,-0.002151042,22.70666667,88.826,77
S3,Midterm 1,50,0.610149317,0.045174479,22.875,77.2975,77
S3,Midterm 1,51,0.517991529,-0.038742187,23.453,77.69283333,77
S3,Midterm 1,52,0.504722017,0.206403646,24.14966667,75.08333333,77
S3,Midterm 1,53,0.653442029,-0.511080729,24.71,78.22216667,77
S3,Midterm 1,54,0.892645383,0.115515625,25.13133333,80.20583333,77
S3,Midterm 1,55,0.812702529,0.181890625,25.462,80.60416667,77
S3,Midterm 1,56,0.650937313,0.001445313,25.725,87.23683333,77
S3,Midterm 1,57,0.596919408,0.014044271,25.90366667,84.82366667,77
S3,Midterm 1,58,0.666230588,-0.017638021,26.02833333,110.7543333,77
S3,Midterm 1,59,0.949188946,0.018854167,26.13033333,103.7151667,77
S3,Midterm 1,60,1.08041565,-0.012596354,26.24366667,91.89516667,77
S3,Midterm 1,61,1.218082133,-0.003203125,26.35966667,72.3735,77
S3,Midterm 1,62,1.321759325,-0.005664062,26.46133333,79.41483333,77
S3,Midterm 1,63,1.247224642,0.044617187,26.56133333,77.2225,77
S3,Midterm 1,64,1.100427004,-0.061911458,26.64366667,84.47316667,77
S3,Midterm 1,65,1.193879617,0.043950521,26.711,77.49566667,77
S3,Midterm 1,66,1.257108717,-0.013153646,26.78766667,78.2965,77
S3,Midterm 1,67,1.104639163,-0.011078125,26.85233333,106.775,77
S3,Midterm 1,68,0.954155025,0.149908854,26.94,92.14283333,77
S3,Midterm 1,69,1.176709,-0.129505208,27.053,79.63166667,77
S3,Midterm 1,70,1.010388913,0.004216146,27.15066667,79.86133333,77
S3,Midterm 1,71,0.793974075,-0.055895833,27.24566667,74.48016667,77
S3,Midterm 1,72,0.700640846,0.049101563,27.352,78.28183333,77
S3,Midterm 1,73,0.546415496,-0.051354167,27.501,97.69333333,77
S3,Midterm 1,74,0.445695321,0.030481771,27.662,101.5508333,77
S3,Midterm 1,75,0.368796283,0.187700521,27.81666667,82.73783333,77
S3,Midterm 1,76,0.361208396,-0.186059896,28,87.0595,77
S3,Midterm 1,77,0.329051817,0.002278646,28.183,73.11016667,77
S3,Midterm 1,78,0.248259983,-0.014268229,28.354,88.83166667,77
S3,Midterm 1,79,0.233559404,0.028361979,28.509,95.67866667,77
S3,Midterm 1,80,0.206934967,0.004171875,28.64466667,76.31733333,77
S3,Midterm 1,81,0.189585808,-0.026255208,28.77433333,73.16716667,77
S3,Midterm 1,82,0.189372242,0.036114583,28.88166667,80.27633333,77
S3,Midterm 1,83,0.177790067,-0.034453125,28.95933333,81.02183333,77
S3,Midterm 1,84,0.228214208,0.105242188,29.02633333,79.788,77
S3,Midterm 1,85,0.186664892,-0.106075521,29.11433333,102.1571667,77
S3,Midterm 1,86,0.199710175,0.022359375,29.207,95.02,77
S3,Midterm 1,87,0.178890104,-0.019807292,29.27633333,101.6943333,77
S3,Midterm 1,88,0.151395208,0.002664062,29.34666667,106.0898333,77
S3,Midterm 1,89,0.147838888,0.006429687,29.41666667,103.9795,77
S4,Midterm 1,0,0.001201179,-0.023020833,21.78366667,140.1078333,75
S4,Midterm 1,1,0,0.001838542,21.84133333,162.0971667,75
S4,Midterm 1,2,0,0.002046875,21.90333333,171.4423333,75
S4,Midterm 1,3,0,0.002796875,21.95333333,166.944,75
S4,Midterm 1,4,0,0.00225,22.007,167.9251667,75
S4,Midterm 1,5,0,0.002473958,22.05,167.5481667,75
S4,Midterm 1,6,0,0.001807292,22.086,174.6601667,75
S4,Midterm 1,7,0,0.002083333,22.11033333,158.2511667,75
S4,Midterm 1,8,0,-0.000375,22.13266667,154.0938333,75
S4,Midterm 1,9,0,0.000570313,22.16366667,181.3531667,75
S4,Midterm 1,10,0,0.001419271,22.19133333,150.5546667,75
S4,Midterm 1,11,0,0.002403646,22.21366667,125.5676667,75
S4,Midterm 1,12,0,-0.001398438,22.229,117.179,75
S4,Midterm 1,13,0,0.000736979,22.248,130.6295,75
S4,Midterm 1,14,0,0.0008125,22.26,126.8408333,75
S4,Midterm 1,15,0,0.000828125,22.277,109.6606667,75
S4,Midterm 1,16,0,-0.000203125,22.29,116.4346667,75
S4,Midterm 1,17,0,0.002015625,22.30633333,138.6516667,75
S4,Midterm 1,18,0,-0.001591146,22.32066667,137.0248333,75
S4,Midterm 1,19,0,0.001023438,22.32566667,145.5103333,75
S4,Midterm 1,20,0,-0.001505208,22.33933333,144.5485,75
S4,Midterm 1,21,0,0.000695312,22.34933333,146.9703333,75
S4,Midterm 1,22,0,0.002148438,22.358,152.7048333,75
S4,Midterm 1,23,0,-0.001617188,22.37366667,135.821,75
S4,Midterm 1,24,0,0.001125,22.38533333,146.509,75
S4,Midterm 1,25,0,-0.000809896,22.399,173.9935,75
S4,Midterm 1,26,0,0.001348958,22.448,163.4726667,75
S4,Midterm 1,27,0,-0.001005208,22.55533333,114.0018333,75
S4,Midterm 1,28,0,-0.000609375,22.71866667,111.7998333,75
S4,Midterm 1,29,0,0.002416667,22.88233333,118.2406667,75
S4,Midterm 1,30,0,-0.001604167,23.00233333,130.5201667,75
S4,Midterm 1,31,0,-0.000497396,23.07133333,126.501,75
S4,Midterm 1,32,0,0.000697917,23.07633333,105.0135,75
S4,Midterm 1,33,0,0.001148438,23.03766667,107.8208333,75
S4,Midterm 1,34,0,-0.001161458,22.987,108.2865,75
S4,Midterm 1,35,0,0.000778646,22.928,109.2665,75
S4,Midterm 1,36,0,-0.001244792,22.87066667,105.2336667,75
S4,Midterm 1,37,0,-0.000911458,22.81633333,119.3121667,75
S4,Midterm 1,38,0,0.001109375,22.762,144.101,75
S4,Midterm 1,39,0,-3.65E-05,22.716,175.8683333,75
S4,Midterm 1,40,0,0.001882812,22.66233333,199.4071667,75
S4,Midterm 1,41,0,-0.001554688,22.60766667,184.7733333,75
S4,Midterm 1,42,0,-0.000393229,22.567,152.6178333,75
S4,Midterm 1,43,0,0.000174479,22.52466667,157.4528333,75
S4,Midterm 1,44,0.01627555,0.023611979,22.488,145.1961667,75
S4,Midterm 1,45,1.768134704,-0.039213542,22.50633333,95.18783333,75
S4,Midterm 1,46,2.983964496,0.018776042,22.966,99.62933333,75
S4,Midterm 1,47,3.129870008,0.002848958,23.68133333,94.1925,75
S4,Midterm 1,48,3.067958783,-0.007604167,24.30133333,100.4173333,75
S4,Midterm 1,49,2.963943804,0.000854167,24.77066667,90.61083333,75
S4,Midterm 1,50,2.616275492,-0.009794271,25.14866667,78.11933333,75
S4,Midterm 1,51,2.234273558,0.047164062,25.43366667,78.05766667,75
S4,Midterm 1,52,2.063173483,-0.033684896,25.65733333,84.16266667,75
S4,Midterm 1,53,2.477077704,0.003703125,25.85066667,104.6521667,75
S4,Midterm 1,54,2.314709713,-0.009658854,25.99466667,88.45833333,75
S4,Midterm 1,55,1.588204988,0.005403646,26.13166667,135.3675,75
S4,Midterm 1,56,1.585683767,-0.002471354,26.25733333,149.9488333,75
S4,Midterm 1,57,1.921934038,0.011984375,26.351,136.8026667,75
S4,Midterm 1,58,2.458721925,-0.015236979,26.446,119.3236667,75
S4,Midterm 1,59,2.370129046,0.001552083,26.55733333,128.0603333,75
S4,Midterm 1,60,2.055953283,0.004015625,26.684,113.4235,75
S4,Midterm 1,61,1.709880438,-0.0008125,26.774,83.76816667,75
S4,Midterm 1,62,1.449766454,-0.002359375,26.814,96.15683333,75
S4,Midterm 1,63,1.362710379,0.001273438,26.81933333,86.041,75
S4,Midterm 1,64,1.276464867,0.002932292,26.81633333,81.686,75
S4,Midterm 1,65,1.168951629,-0.024080729,26.81333333,75.77783333,75
S4,Midterm 1,66,1.006205692,0.017755208,26.809,83.4005,75
S4,Midterm 1,67,0.885127188,0.011768229,26.79366667,87.0745,75
S4,Midterm 1,68,0.853074504,-0.008132813,26.75666667,78.55733333,75
S4,Midterm 1,69,0.908077688,-0.001369792,26.72933333,100.452,75
S4,Midterm 1,70,0.835873708,-0.008625,26.721,80.7425,75
S4,Midterm 1,71,0.768693292,0.011200521,26.735,97.452,75
S4,Midterm 1,72,0.609246542,-0.002145833,26.759,89.9725,75
S4,Midterm 1,73,0.503711558,0.000445312,26.796,69.094,75
S4,Midterm 1,74,0.450280658,0.002125,26.83266667,85.73833333,75
S4,Midterm 1,75,0.403098463,-0.001473958,26.87333333,105.8588333,75
S4,Midterm 1,76,0.354170563,-0.001955729,26.88766667,110.8785,75
S4,Midterm 1,77,0.323356417,0.003528646,26.89866667,95.7985,75
S4,Midterm 1,78,0.341496775,-0.00215625,26.91333333,98.6445,75
S4,Midterm 1,79,0.311531542,0.002242188,26.907,80.97533333,75
S4,Midterm 1,80,0.284390292,-0.005247396,26.89033333,67.86516667,75
S4,Midterm 1,81,0.249662933,0.003489583,26.83,61.99766667,75
S4,Midterm 1,82,0.247244558,0.000289062,26.72333333,65.65566667,75
S4,Midterm 1,83,0.533989233,0.015127604,26.63066667,75.01283333,75
S4,Midterm 1,84,0.611547838,-0.012111979,26.581,90.88683333,75
S4,Midterm 1,85,0.529328671,0.000585938,26.544,76.65933333,75
S4,Midterm 1,86,0.435663642,-0.00428125,26.524,70.1765,75
S4,Midterm 1,87,0.388273317,0.001,26.53,89.3505,75
S4,Midterm 1,88,0.345607463,-0.001820313,26.55533333,93.37666667,75
S4,Midterm 1,89,0.299348942,0.003361979,26.571,82.67116667,75
S5,Midterm 1,0,0.00090745,-0.024960937,22.21733333,164.0413333,67
S5,Midterm 1,1,0,0.003684896,22.266,198.4025,67
S5,Midterm 1,2,0,0.004903646,22.336,176.6463333,67
S5,Midterm 1,3,0,0.001072917,22.383,161.3091667,67
S5,Midterm 1,4,0,0.001335937,22.44066667,153.8323333,67
S5,Midterm 1,5,0,0.001489583,22.49666667,131.9,67
S5,Midterm 1,6,0,0.002882813,22.54366667,130.9111667,67
S5,Midterm 1,7,0,0.00040625,22.57,127.4203333,67
S5,Midterm 1,8,0,0.002416667,22.61133333,146.0523333,67
S5,Midterm 1,9,0,0.000916667,22.64433333,156.7513333,67
S5,Midterm 1,10,0,0.002588542,22.661,172.6821667,67
S5,Midterm 1,11,0,-0.001643229,22.687,161.408,67
S5,Midterm 1,12,0,0.001166667,22.70733333,161.0668333,67
S5,Midterm 1,13,0,-5.21E-05,22.71033333,123.8983333,67
S5,Midterm 1,14,0,-0.000473958,22.72033333,164.512,67
S5,Midterm 1,15,0,0.001651042,22.74166667,151.082,67
S5,Midterm 1,16,0,0.000356771,22.75133333,126.6933333,67
S5,Midterm 1,17,0,0.000953125,22.76566667,105.7481667,67
S5,Midterm 1,18,0,-0.002197917,22.78533333,99.22966667,67
S5,Midterm 1,19,0,0.003973958,22.78666667,113.759,67
S5,Midterm 1,20,0,-0.003638021,22.795,146.8321667,67
S5,Midterm 1,21,0,0.000888021,22.80533333,161.4338333,67
S5,Midterm 1,22,0,0.002984375,22.817,157.6621667,67
S5,Midterm 1,23,0,-0.001296875,22.82666667,155.6211667,67
S5,Midterm 1,24,0,-0.000645833,22.837,143.5928333,67
S5,Midterm 1,25,0,-0.002070313,22.84933333,160.5586667,67
S5,Midterm 1,26,0,0.005007813,22.86166667,122.3698333,67
S5,Midterm 1,27,0,-0.002049479,22.90033333,108.0036667,67
S5,Midterm 1,28,0,-0.002783854,23.02,108.8981667,67
S5,Midterm 1,29,0,0.001898438,23.19333333,106.8648333,67
S5,Midterm 1,30,0,-2.60E-05,23.384,92.47566667,67
S5,Midterm 1,31,0,0.000268229,23.51866667,96.44916667,67
S5,Midterm 1,32,5.34E-06,7.29E-05,23.58133333,104.5968333,67
S5,Midterm 1,33,0,0.000544271,23.58033333,115.4566667,67
S5,Midterm 1,34,0,-2.34E-05,23.526,116.5285,67
S5,Midterm 1,35,0,0.000424479,23.45366667,123.6385,67
S5,Midterm 1,36,0,-0.000661458,23.37633333,124.5745,67
S5,Midterm 1,37,0,0.000104167,23.29866667,148.4585,67
S5,Midterm 1,38,0,-0.000630208,23.229,165.1008333,67
S5,Midterm 1,39,0,-0.000364583,23.14866667,178.1391667,67
S5,Midterm 1,40,0,0.000388021,23.08433333,189.2121667,67
S5,Midterm 1,41,0,0.000705729,23.02966667,174.129,67
S5,Midterm 1,42,0,0.001226562,22.97266667,141.416,67
S5,Midterm 1,43,0,-0.002127604,22.922,127.09,67
S5,Midterm 1,44,0,0.000940104,22.87466667,140.2726667,67
S5,Midterm 1,45,0,-0.000390625,22.82266667,137.5455,67
S5,Midterm 1,46,0,-0.00128125,22.786,112.9781667,67
S5,Midterm 1,47,0,0.001244792,22.75066667,111.2111667,67
S5,Midterm 1,48,0.014373008,0.001208333,22.72433333,109.571,67
S5,Midterm 1,49,0.671815908,-0.073236979,22.81833333,98.006,67
S5,Midterm 1,50,1.609304692,0.052763021,23.35533333,124.2691667,67
S5,Midterm 1,51,1.437530496,0.053710938,24.32,112.7725,67
S5,Midterm 1,52,1.128571742,-0.029861979,25.187,80.2795,67
S5,Midterm 1,53,1.2352378,-0.023841146,25.87433333,79.71716667,67
S5,Midterm 1,54,0.604624817,0.021682292,26.423,78.765,67
S5,Midterm 1,55,0.400978788,-0.002322917,26.87233333,71.767,67
S5,Midterm 1,56,0.271635829,0.006450521,27.24533333,83.91616667,67
S5,Midterm 1,57,0.209764092,-0.004307292,27.56,83.821,67
S5,Midterm 1,58,0.177587133,-0.003304687,27.83333333,99.14633333,67
S5,Midterm 1,59,0.164535946,0.002414063,28.06033333,102.604,67
S5,Midterm 1,60,0.141017029,0.000580729,28.25966667,108.9758333,67
S5,Midterm 1,61,0.122457146,0.002885417,28.43866667,111.092,67
S5,Midterm 1,62,0.134761013,-0.008028646,28.59733333,103.1903333,67
S5,Midterm 1,63,0.122734671,0.009539063,28.71266667,89.09133333,67
S5,Midterm 1,64,0.254735996,0.021976563,28.77733333,82.84116667,67
S5,Midterm 1,65,0.425533233,-0.010223958,28.84266667,79.23066667,67
S5,Midterm 1,66,0.447338629,-0.01503125,28.88133333,55.57133333,67
S5,Midterm 1,67,0.438055983,0.007526042,28.90066667,70.183,67
S5,Midterm 1,68,0.345080221,-0.00328125,28.92866667,94.02383333,67
S5,Midterm 1,69,0.298811154,0.016348958,28.94533333,92.97383333,67
S5,Midterm 1,70,0.352014087,-0.039416667,28.957,99.6235,67
S5,Midterm 1,71,0.366864192,0.01775,28.96033333,101.9955,67
S5,Midterm 1,72,0.291556942,-0.008197917,28.95533333,83.14833333,67
S5,Midterm 1,73,0.252937146,0.014960938,28.94266667,75.166,67
S5,Midterm 1,74,0.269735583,0.013471354,28.925,87.43383333,67
S5,Midterm 1,75,0.248709542,-0.020302083,28.912,90.39766667,67
S5,Midterm 1,76,0.218614375,0.000807292,28.9,89.89466667,67
S5,Midterm 1,77,0.191711283,-0.008851562,28.92433333,96.91916667,67
S5,Midterm 1,78,0.180320071,0.007791667,28.95366667,109.6275,67
S5,Midterm 1,79,0.158770913,0.004763021,28.959,77.8715,67
S5,Midterm 1,80,0.139767946,-0.002268229,28.981,68.93916667,67
S5,Midterm 1,81,0.133250396,-0.014338542,29.001,82.71366667,67
S5,Midterm 1,82,0.144518738,0.008190104,29.02766667,97.4395,67
S5,Midterm 1,83,0.135091983,0.000846354,29.03133333,111.9281667,67
S5,Midterm 1,84,0.1385402,0.000354167,29.02033333,92.75566667,67
S5,Midterm 1,85,0.125841354,-0.003023437,29.03233333,85.24,67
S5,Midterm 1,86,0.116526663,-4.17E-05,29.05733333,95.04066667,67
S5,Midterm 1,87,0.125649258,-0.003848958,29.07633333,93.19266667,67
S5,Midterm 1,88,0.11440745,0.001869792,29.09466667,108.0771667,67
S5,Midterm 1,89,0.098756775,0.009598958,29.105,114.1016667,67
S6,Midterm 1,0,0.001745471,-0.023226562,22.41733333,148.3916667,71
S6,Midterm 1,1,1.60E-05,0.003005208,22.48633333,165.9548333,71
S6,Midterm 1,2,5.34E-06,0.001257813,22.544,147.8386667,71
S6,Midterm 1,3,0,0.004703125,22.603,134.2683333,71
S6,Midterm 1,4,0,0.001791667,22.661,121.4825,71
S6,Midterm 1,5,0,0.000135417,22.69533333,111.1855,71
S6,Midterm 1,6,0,0.002872396,22.72266667,112.5055,71
S6,Midterm 1,7,0,-3.65E-05,22.75933333,123.2378333,71
S6,Midterm 1,8,0,0.001473958,22.785,112.1801667,71
S6,Midterm 1,9,0,0.001184896,22.80733333,109.9883333,71
S6,Midterm 1,10,0,0.000825521,22.83433333,122.7348333,71
S6,Midterm 1,11,0,-0.000195313,22.84533333,127.1161667,71
S6,Midterm 1,12,0,0.00234375,22.87133333,137.433,71
S6,Midterm 1,13,0,-0.000786458,22.886,146.6281667,71
S6,Midterm 1,14,0,0.001182292,22.9,142.2426667,71
S6,Midterm 1,15,0,0.000440104,22.91233333,126.6116667,71
S6,Midterm 1,16,0,0.000348958,22.92,107.8055,71
S6,Midterm 1,17,0,-0.000507812,22.93933333,127.1778333,71
S6,Midterm 1,18,0,-0.000320312,22.95366667,147.2578333,71
S6,Midterm 1,19,5.34E-06,0.001695312,22.95566667,157.1368333,71
S6,Midterm 1,20,5.34E-05,0.002291667,22.97233333,149.4135,71
S6,Midterm 1,21,3.20E-05,-0.002015625,22.987,137.2616667,71
S6,Midterm 1,22,1.07E-05,4.43E-05,22.998,118.8916667,71
S6,Midterm 1,23,5.34E-06,0.000809896,22.99666667,105.903,71
S6,Midterm 1,24,2.14E-05,-0.001588542,23.022,109.7073333,71
S6,Midterm 1,25,0,-0.000138021,23.061,105.0626667,71
S6,Midterm 1,26,0,0.001976563,23.194,102.2856667,71
S6,Midterm 1,27,0,-0.000401042,23.38133333,107.718,71
S6,Midterm 1,28,0,-0.001294271,23.58333333,100.4451667,71
S6,Midterm 1,29,0,0.002169271,23.75066667,86.687,71
S6,Midterm 1,30,0,0.000947917,23.83033333,85.24583333,71
S6,Midterm 1,31,0,-0.000257813,23.82933333,141.0388333,71
S6,Midterm 1,32,0,-0.001554688,23.784,167.0753333,71
S6,Midterm 1,33,0,0.001697917,23.711,155.9126667,71
S6,Midterm 1,34,0,-0.000382813,23.64266667,132.2596667,71
S6,Midterm 1,35,0,3.65E-05,23.57433333,125.2715,71
S6,Midterm 1,36,0,-0.001429687,23.505,106.6606667,71
S6,Midterm 1,37,0,0.000341146,23.44533333,121.3378333,71
S6,Midterm 1,38,0,0.000182292,23.38133333,143.3295,71
S6,Midterm 1,39,0,-0.000572917,23.31866667,159.3516667,71
S6,Midterm 1,40,0,0.000880208,23.258,168.2726667,71
S6,Midterm 1,41,0,0.000395833,23.20966667,149.33,71
S6,Midterm 1,42,5.34E-06,-0.000638021,23.15566667,138.4593333,71
S6,Midterm 1,43,1.60E-05,-0.000645833,23.11,123.7903333,71
S6,Midterm 1,44,0,0.001161458,23.06866667,116.2825,71
S6,Midterm 1,45,2.67E-05,-0.000716146,23.01866667,121.854,71
S6,Midterm 1,46,0,-0.000708333,22.98366667,115.203,71
S6,Midterm 1,47,0,5.21E-05,22.94966667,104.051,71
S6,Midterm 1,48,0,0.001536458,22.93266667,96.544,71
S6,Midterm 1,49,0,0.000356771,22.90933333,104.626,71
S6,Midterm 1,50,0,-0.001411458,22.87933333,121.563,71
S6,Midterm 1,51,5.34E-06,0.001677083,22.85866667,142.0743333,71
S6,Midterm 1,52,0,-0.001997396,22.852,137.8623333,71
S6,Midterm 1,53,0,0.000333333,22.83533333,168.9068333,71
S6,Midterm 1,54,5.34E-06,-0.000458333,22.83466667,164.4705,71
S6,Midterm 1,55,0.025115117,0.001236979,22.83566667,133.7418333,71
S6,Midterm 1,56,0.230562425,0.020703125,23.077,113.3031667,71
S6,Midterm 1,57,0.843263483,-0.011460937,23.62566667,89.461,71
S6,Midterm 1,58,0.804012454,-0.009934896,24.31733333,81.8355,71
S6,Midterm 1,59,0.899336988,0.000757812,24.97266667,105.3548333,71
S6,Midterm 1,60,1.315282304,0.004354167,25.49233333,105.5226667,71
S6,Midterm 1,61,1.436227463,0.024471354,25.91,109.129,71
S6,Midterm 1,62,1.59788695,-0.027875,26.26566667,118.038,71
S6,Midterm 1,63,1.705121354,-0.017458333,26.595,99.341,71
S6,Midterm 1,64,1.508488725,0.032598958,26.85233333,94.227,71
S6,Midterm 1,65,1.142225925,-0.014760417,27.082,88.54666667,71
S6,Midterm 1,66,1.073505492,0.002664063,27.31366667,106.371,71
S6,Midterm 1,67,1.427909442,-0.012783854,27.546,117.9443333,71
S6,Midterm 1,68,1.459219154,-0.038309896,27.74266667,98.43766667,71
S6,Midterm 1,69,1.688499942,0.053223958,27.908,114.9475,71
S6,Midterm 1,70,1.410931063,0.104229167,28.01533333,115.443,71
S6,Midterm 1,71,1.45240135,-0.10259375,28.13166667,112.459,71
S6,Midterm 1,72,1.195887833,-0.001893229,28.276,98.6485,71
S6,Midterm 1,73,1.030083804,0.002729167,28.449,104.3421667,71
S6,Midterm 1,74,1.652739567,-0.009601563,28.652,106.6105,71
S6,Midterm 1,75,1.699950713,0.007145833,28.86566667,106.1156667,71
S6,Midterm 1,76,1.184768946,-0.004106771,29.06166667,97.2745,71
S6,Midterm 1,77,1.10908265,-0.003815104,29.23666667,104.9138333,71
S6,Midterm 1,78,0.941198213,0.000450521,29.385,85.14683333,71
S6,Midterm 1,79,0.891826529,0.001869792,29.51866667,69.71583333,71
S6,Midterm 1,80,0.746827388,-0.002744792,29.63466667,64.91366667,71
S6,Midterm 1,81,0.971905921,-0.006101562,29.74466667,63.887,71
S6,Midterm 1,82,1.152087263,0.005960938,29.847,70.16133333,71
S6,Midterm 1,83,1.03459975,0.010385417,29.93366667,67.27183333,71
S6,Midterm 1,84,0.999732492,-0.009268229,30.028,68.94733333,71
S6,Midterm 1,85,1.238733358,0.000940104,30.12633333,95.2925,71
S6,Midterm 1,86,1.801225808,-0.004869792,30.231,126.6008333,71
S6,Midterm 1,87,2.184007321,0.004976562,30.35566667,106.048,71
S6,Midterm 1,88,1.777309846,0.007528646,30.48133333,86.91333333,71
S6,Midterm 1,89,1.667496771,-0.013341146,30.61433333,89.2625,71
S7,Midterm 1,0,0.001553317,-0.021697917,22.26866667,103.7716667,64
S7,Midterm 1,1,0,0.002736979,22.39866667,106.3246667,64
S7,Midterm 1,2,0,0.002020833,22.49966667,105.9876667,64
S7,Midterm 1,3,0,0.001677083,22.567,123.4025,64
S7,Midterm 1,4,0,0.002416667,22.607,121.6288333,64
S7,Midterm 1,5,0,0.000895833,22.65566667,122.0005,64
S7,Midterm 1,6,0,0.003786458,22.72766667,123.5486667,64
S7,Midterm 1,7,0,-0.000328125,22.76733333,118.9286667,64
S7,Midterm 1,8,0,0.000617188,22.78766667,147.3958333,64
S7,Midterm 1,9,0,-3.91E-05,22.81366667,167.8588333,64
S7,Midterm 1,10,0,0.001901042,22.831,140.28,64
S7,Midterm 1,11,0,0.000541667,22.84466667,134.2425,64
S7,Midterm 1,12,0,0.001299479,22.856,147.0473333,64
S7,Midterm 1,13,0,0.000473958,22.86866667,130.4748333,64
S7,Midterm 1,14,0,0.000523438,22.88266667,115.6685,64
S7,Midterm 1,15,0,-0.000710937,22.88566667,131.7116667,64
S7,Midterm 1,16,0,0.000338542,22.897,136.9001667,64
S7,Midterm 1,17,0,0.001963542,22.90766667,124.6818333,64
S7,Midterm 1,18,0,-0.001395833,22.927,116.3121667,64
S7,Midterm 1,19,0,0.001442708,22.93966667,134.3128333,64
S7,Midterm 1,20,0,0.000658854,22.95133333,120.9031667,64
S7,Midterm 1,21,0,-0.002078125,22.965,108.8993333,64
S7,Midterm 1,22,0,0.0019375,22.97,123.4831667,64
S7,Midterm 1,23,0,0.001372396,22.97333333,140.1245,64
S7,Midterm 1,24,0,-0.001520833,22.981,140.1045,64
S7,Midterm 1,25,0,0.001265625,23.014,152.0661667,64
S7,Midterm 1,26,0,0.000401042,23.112,169.9056667,64
S7,Midterm 1,27,0,-0.00203125,23.26766667,169.1071667,64
S7,Midterm 1,28,0,0.001296875,23.42266667,161.6328333,64
S7,Midterm 1,29,0,0.000252604,23.53766667,126.4688333,64
S7,Midterm 1,30,0,-0.000731771,23.56533333,98.04916667,64
S7,Midterm 1,31,0,0.000721354,23.55733333,102.6458333,64
S7,Midterm 1,32,0,0.000497396,23.53,98.6885,64
S7,Midterm 1,33,0,-9.11E-05,23.48833333,103.5393333,64
S7,Midterm 1,34,0,-0.000455729,23.43333333,111.4533333,64
S7,Midterm 1,35,0,-0.000143229,23.37033333,116.606,64
S7,Midterm 1,36,0,0.000901042,23.31733333,126.0355,64
S7,Midterm 1,37,0,-0.000375,23.25366667,168.4236667,64
S7,Midterm 1,38,0,-0.000544271,23.189,169.4535,64
S7,Midterm 1,39,0,0.001536458,23.14033333,185.8108333,64
S7,Midterm 1,40,0,-0.001601562,23.09366667,186.5655,64
S7,Midterm 1,41,0,0.000606771,23.03566667,186.0521667,64
S7,Midterm 1,42,0,-0.001169271,22.97666667,179.2668333,64
S7,Midterm 1,43,0,-0.000354167,22.923,150.0098333,64
S7,Midterm 1,44,0,0.001315104,22.87533333,155.8658333,64
S7,Midterm 1,45,0,0.000757812,22.84233333,128.4635,64
S7,Midterm 1,46,0,-0.000367188,22.81333333,114.2525,64
S7,Midterm 1,47,0,-0.000153646,22.787,122.007,64
S7,Midterm 1,48,0,0.000255208,22.76333333,150.7893333,64
S7,Midterm 1,49,0,-0.001471354,22.74833333,162.8613333,64
S7,Midterm 1,50,0,0.000841146,22.73466667,156.8663333,64
S7,Midterm 1,51,0.000128108,-0.00075,22.733,142.8841667,64
S7,Midterm 1,52,0,0.002083333,22.826,108.7688333,64
S7,Midterm 1,53,0,-0.002552083,23.12433333,91.17616667,64
S7,Midterm 1,54,0.010015037,-0.0015625,23.53133333,93.7765,64
S7,Midterm 1,55,0.065162392,-0.019765625,23.97166667,83.97816667,64
S7,Midterm 1,56,0.250156063,0.114984375,24.45366667,76.28033333,64
S7,Midterm 1,57,0.263148554,-0.089130208,24.96133333,77.45966667,64
S7,Midterm 1,58,0.390735404,-0.002997396,25.34533333,81.0665,64
S7,Midterm 1,59,0.467246429,0.118432292,25.61166667,113.856,64
S7,Midterm 1,60,0.429283375,-0.157945313,25.842,90.46966667,64
S7,Midterm 1,61,0.36374695,0.0075,26.016,108.63,64
S7,Midterm 1,62,0.408937713,0.031125,26.13433333,110.4601667,64
S7,Midterm 1,63,0.515892829,-0.000601562,26.22633333,99.43733333,64
S7,Midterm 1,64,0.51121415,-0.01065625,26.30933333,111.4645,64
S7,Midterm 1,65,0.615434896,0.011257812,26.38033333,88.704,64
S7,Midterm 1,66,0.501070067,0.001973958,26.43366667,99.53466667,64
S7,Midterm 1,67,0.510337183,-0.002273438,26.49633333,97.24533333,64
S7,Midterm 1,68,0.577594854,-0.000984375,26.53733333,91.2735,64
S7,Midterm 1,69,0.727375975,0.006401042,26.56233333,101.713,64
S7,Midterm 1,70,0.769278683,-0.005835937,26.584,111.2696667,64
S7,Midterm 1,71,0.717330046,0.011122396,26.61366667,113.5828333,64
S7,Midterm 1,72,0.564251183,-0.011325521,26.65,116.728,64
S7,Midterm 1,73,0.411521171,0.008895833,26.69633333,108.5143333,64
S7,Midterm 1,74,0.4724802,-0.001466146,26.74133333,89.36,64
S7,Midterm 1,75,0.395053696,0.002664062,26.77033333,84.3235,64
S7,Midterm 1,76,0.352638625,-0.011731771,26.78533333,75.09966667,64
S7,Midterm 1,77,0.361488917,0.008557292,26.786,89.83283333,64
S7,Midterm 1,78,0.278516387,-0.006815104,26.79366667,88.80316667,64
S7,Midterm 1,79,0.355136812,-0.000565104,26.80166667,78.4,64
S7,Midterm 1,80,0.391915021,0.000893229,26.82633333,91.88633333,64
S7,Midterm 1,81,0.325351254,0.004114583,26.85133333,84.63216667,64
S7,Midterm 1,82,0.235273958,-0.008617188,26.87966667,97.146,64
S7,Midterm 1,83,0.269447313,0.005966146,26.903,81.5315,64
S7,Midterm 1,84,0.276471958,-0.128419271,26.92466667,81.7915,64
S7,Midterm 1,85,0.344530371,0.127072917,26.93466667,124.8853333,64
S7,Midterm 1,86,0.249024417,0.001940104,26.93433333,157.148,64
S7,Midterm 1,87,0.231382592,0.008450521,26.92166667,105.9756667,64
S7,Midterm 1,88,0.1913963,-0.014296875,26.91533333,99.22283333,64
S7,Midterm 1,89,0.140168279,0.004815104,26.928,108.8496667,64
S8,Midterm 1,0,0.003705983,-0.023447917,22.597,94.4365,92
S8,Midterm 1,1,0.000683675,0.004502604,22.659,134.1853333,92
S8,Midterm 1,2,0.000614238,0.002106771,22.73133333,151.8196667,92
S8,Midterm 1,3,0.000315142,0.00128125,22.78566667,139.6238333,92
S8,Midterm 1,4,0.000325808,0.003018229,22.83666667,158.4895,92
S8,Midterm 1,5,0.000694296,0.000924479,22.86333333,192.452,92
S8,Midterm 1,6,0.001116217,0.002424479,22.91233333,191.33,92
S8,Midterm 1,7,0.001110863,0.000291667,22.97666667,175.2273333,92
S8,Midterm 1,8,0.001228354,-0.000179687,23.026,168.7153333,92
S8,Midterm 1,9,0.000774462,0.002294271,23.06433333,132.0556667,92
S8,Midterm 1,10,0.001105533,0.000114583,23.087,133.4548333,92
S8,Midterm 1,11,0.000480708,0.000414062,23.11333333,139.3253333,92
S8,Midterm 1,12,0.000822521,0.002013021,23.13,163.1391667,92
S8,Midterm 1,13,0.000421942,-9.11E-05,23.14566667,172.5601667,92
S8,Midterm 1,14,0.000523446,0.001489583,23.15733333,178.608,92
S8,Midterm 1,15,0.001265725,-0.001098958,23.16666667,169.5505,92
S8,Midterm 1,16,0.000715717,0.001403646,23.17766667,188.5775,92
S8,Midterm 1,17,0.0006356,-0.001111979,23.18566667,173.626,92
S8,Midterm 1,18,0.000672996,0.001507812,23.192,183.2145,92
S8,Midterm 1,19,0.000507429,-0.000174479,23.19566667,161.3021667,92
S8,Midterm 1,20,0.000240358,0.000635417,23.20733333,141.051,92
S8,Midterm 1,21,0.000507408,0.0016875,23.21866667,151.838,92
S8,Midterm 1,22,0.000411279,-0.002195313,23.22566667,125.8765,92
S8,Midterm 1,23,0.000288417,0.001317708,23.233,125.0106667,92
S8,Midterm 1,24,0.000272404,-0.000833333,23.236,112.035,92
S8,Midterm 1,25,0.000235008,0.001471354,23.26,106.0205,92
S8,Midterm 1,26,0.000277737,-0.002057292,23.346,106.8818333,92
S8,Midterm 1,27,0.000587533,0.002231771,23.491,95.82166667,92
S8,Midterm 1,28,0.000240342,-0.000875,23.66433333,105.5385,92
S8,Midterm 1,29,0.000491396,0.002015625,23.819,98.80116667,92
S8,Midterm 1,30,0.000267067,-0.001330729,23.89966667,86.92,92
S8,Midterm 1,31,0.000336487,-0.001429688,23.912,81.4275,92
S8,Midterm 1,32,0.000315125,0.000463542,23.89466667,102.7685,92
S8,Midterm 1,33,0.000496746,0.001658854,23.87433333,114.387,92
S8,Midterm 1,34,0.000491363,-0.001546875,23.837,132.0093333,92
S8,Midterm 1,35,0.000336492,-3.65E-05,23.79,127.6456667,92
S8,Midterm 1,36,0.000379217,0.001166667,23.72333333,115.1626667,92
S8,Midterm 1,37,0.000833188,0.000830729,23.64533333,119.8068333,92
S8,Midterm 1,38,0.000518108,-0.000854167,23.576,132.0325,92
S8,Midterm 1,39,0.000523446,-0.001078125,23.51533333,121.1911667,92
S8,Midterm 1,40,0.000176242,0.002018229,23.45633333,137.8146667,92
S8,Midterm 1,41,0.000149538,-0.000440104,23.39666667,142.9905,92
S8,Midterm 1,42,0.000309788,-0.001213542,23.335,138.2873333,92
S8,Midterm 1,43,0.000336487,0.000908854,23.28533333,115.1315,92
S8,Midterm 1,44,0.000202946,-0.001598958,23.23833333,105.2546667,92
S8,Midterm 1,45,0.000309783,0.000632813,23.20466667,109.2595,92
S8,Midterm 1,46,0.0002991,-5.99E-05,23.17166667,129.2976667,92
S8,Midterm 1,47,0.000218992,-6.25E-05,23.13733333,134.1061667,92
S8,Midterm 1,48,0.000138871,0.001125,23.117,163.6121667,92
S8,Midterm 1,49,0.000170917,-8.85E-05,23.09866667,163.5428333,92
S8,Midterm 1,50,0.000165563,0.000179687,23.07966667,161.1768333,92
S8,Midterm 1,51,0.000309783,1.56E-05,23.06066667,142.7611667,92
S8,Midterm 1,52,0.000480679,-0.000830729,23.04333333,119.9096667,92
S8,Midterm 1,53,0.00051275,-0.000291667,23.03066667,112.5216667,92
S8,Midterm 1,54,0.000705017,0.000713542,23.02366667,126.802,92
S8,Midterm 1,55,0.000726396,0.009953125,23.01,134.113,92
S8,Midterm 1,56,0.595670254,-0.0141875,23.035,135.703,92
S8,Midterm 1,57,0.894264987,0.004036458,23.422,140.336,92
S8,Midterm 1,58,0.4893241,0.000473958,24.20166667,111.512,92
S8,Midterm 1,59,0.469260163,-0.002854167,24.942,102.5355,92
S8,Midterm 1,60,0.42710745,0.002507812,25.53566667,92.21833333,92
S8,Midterm 1,61,0.344040792,0.000122396,26.003,102.9013333,92
S8,Midterm 1,62,0.265865513,-0.000130208,26.335,113.3135,92
S8,Midterm 1,63,0.241286221,-0.019861979,26.563,109.3306667,92
S8,Midterm 1,64,0.192976688,0.018367188,26.721,104.0981667,92
S8,Midterm 1,65,0.254934858,0.000658854,26.82133333,117.5485,92
S8,Midterm 1,66,0.242434275,0.004286458,26.904,93.98966667,92
S8,Midterm 1,67,0.32720695,-0.004330729,26.983,80.394,92
S8,Midterm 1,68,0.514712929,0.01159375,27.02933333,85.93766667,92
S8,Midterm 1,69,0.505400208,0.006408854,27.085,81.29733333,92
S8,Midterm 1,70,0.468054679,-0.015145833,27.16466667,84.52583333,92
S8,Midterm 1,71,0.399409683,-0.002708333,27.27066667,100.4395,92
S8,Midterm 1,72,0.331663079,-0.002544271,27.38233333,98.15566667,92
S8,Midterm 1,73,0.197916471,0.002739583,27.471,85.65866667,92
S8,Midterm 1,74,0.408512271,-0.003164063,27.54833333,76.62716667,92
S8,Midterm 1,75,0.405273937,0.003838542,27.62133333,72.42516667,92
S8,Midterm 1,76,0.297057125,0.001174479,27.73066667,72.77333333,92
S8,Midterm 1,77,0.510307979,-0.002075521,27.84533333,82.236,92
S8,Midterm 1,78,0.424838008,-0.002828125,27.96966667,81.61983333,92
S8,Midterm 1,79,0.538186871,-0.003229167,28.099,78.22866667,92
S8,Midterm 1,80,0.539164113,0.009729167,28.22633333,79.65016667,92
S8,Midterm 1,81,0.547750542,-0.002984375,28.32933333,79.568,92
S8,Midterm 1,82,0.543223417,0.000101562,28.416,81.387,92
S8,Midterm 1,83,0.314356429,-0.004890625,28.513,79.02616667,92
S8,Midterm 1,84,0.410939938,0.003729167,28.61333333,70.627,92
S8,Midterm 1,85,0.350635533,0.000242188,28.70533333,74.031,92
S8,Midterm 1,86,0.291977375,-0.000351563,28.79866667,71.067,92
S8,Midterm 1,87,0.467620871,0.001557292,28.87933333,81.10383333,92
S8,Midterm 1,88,0.273864621,-0.000617188,28.94833333,100.2053333,92
S8,Midterm 1,89,0.466777171,-0.006135417,29.00333333,84.38683333,92
S9,Midterm 1,0,0.016562158,-0.029848958,22.2,117.1311667,80
S9,Midterm 1,1,0.013999613,0.004565104,22.258,134.0676667,80
S9,Midterm 1,2,0.013615146,0.003486979,22.308,134.2788333,80
S9,Midterm 1,3,0.013396217,0.00303125,22.357,149.7243333,80
S9,Midterm 1,4,0.013353521,0.003747396,22.41666667,118.5091667,80
S9,Midterm 1,5,0.013668558,0.00090625,22.45733333,110.3576667,80
S9,Midterm 1,6,0.013433604,0.002731771,22.491,139.8958333,80
S9,Midterm 1,7,0.013049167,0.000851563,22.52133333,141.135,80
S9,Midterm 1,8,0.013155975,0.0015625,22.55533333,138.2591667,80
S9,Midterm 1,9,0.013113242,0.001270833,22.58666667,154.9805,80
S9,Midterm 1,10,0.013593779,0.001645833,22.61133333,144.0115,80
S9,Midterm 1,11,0.013556404,0.001695313,22.635,129.4748333,80
S9,Midterm 1,12,0.0136365,0.000213542,22.658,133.7458333,80
S9,Midterm 1,13,0.013625838,-0.000601563,22.67433333,156.2288333,80
S9,Midterm 1,14,0.013935542,0.001197917,22.70166667,185.1968333,80
S9,Midterm 1,15,0.014982033,0.002091146,22.72,152.3206667,80
S9,Midterm 1,16,0.014255892,-0.001231771,22.73,142.44,80
S9,Midterm 1,17,0.013850088,0.000692708,22.74766667,166.818,80
S9,Midterm 1,18,0.013684542,0.000328125,22.764,188.273,80
S9,Midterm 1,19,0.014416088,0.000382813,22.78,171.9095,80
S9,Midterm 1,20,0.014389396,-0.001143229,22.79166667,143.5313333,80
S9,Midterm 1,21,0.014960671,0.001877604,22.81033333,118.5951667,80
S9,Midterm 1,22,0.014554904,0.000690104,22.819,118.229,80
S9,Midterm 1,23,0.01376465,0.000403646,22.83433333,114.048,80
S9,Midterm 1,24,0.013882154,-0.000903646,22.84966667,120.6368333,80
S9,Midterm 1,25,0.01296375,0.000273437,22.86266667,129.8936667,80
S9,Midterm 1,26,0.013428304,-0.000703125,22.90133333,109.8145,80
S9,Midterm 1,27,0.013764663,0.000713542,23.00733333,108.6511667,80
S9,Midterm 1,28,0.013577763,-0.001497396,23.164,108.4498333,80
S9,Midterm 1,29,0.013561771,0.001445313,23.33466667,105.6535,80
S9,Midterm 1,30,0.012931729,0.000434896,23.46333333,104.7688333,80
S9,Midterm 1,31,0.012979742,-0.002179687,23.53566667,115.7295,80
S9,Midterm 1,32,0.013401583,-0.000216146,23.56933333,113.3926667,80
S9,Midterm 1,33,0.013401579,0.000200521,23.56133333,111.7448333,80
S9,Midterm 1,34,0.013588463,-0.00125,23.517,121.2915,80
S9,Midterm 1,35,0.013647192,0.002895833,23.45933333,110.644,80
S9,Midterm 1,36,0.01342295,-0.000414062,23.39066667,104.478,80
S9,Midterm 1,37,0.012638029,-0.000609375,23.322,104.2175,80
S9,Midterm 1,38,0.01323605,0.00115625,23.25233333,134.7516667,80
S9,Midterm 1,39,0.012792892,0.001239583,23.19466667,131.3468333,80
S9,Midterm 1,40,0.012755521,-0.002734375,23.138,131.2731667,80
S9,Midterm 1,41,0.013193342,0.001341146,23.09166667,155.2991667,80
S9,Midterm 1,42,0.013236033,-0.001416667,23.028,146.1308333,80
S9,Midterm 1,43,0.013545737,0.00134375,22.973,119.4105,80
S9,Midterm 1,44,0.013604471,0.001828125,22.93066667,107.2678333,80
S9,Midterm 1,45,0.012851629,-0.001893229,22.882,123.953,80
S9,Midterm 1,46,0.013401592,-0.001703125,22.85066667,149.2298333,80
S9,Midterm 1,47,0.022339408,0.00115625,22.82666667,132.5151667,80
S9,Midterm 1,48,0.255469454,0.010307292,22.82933333,132.7903333,80
S9,Midterm 1,49,0.397396717,0.059869792,23.12966667,147.2011667,80
S9,Midterm 1,50,0.319967662,-0.06784375,23.85766667,120.3033333,80
S9,Midterm 1,51,0.228240154,-0.002354167,24.59,100.5936667,80
S9,Midterm 1,52,0.365372238,-0.000481771,25.14933333,95.13766667,80
S9,Midterm 1,53,0.311168671,-0.001098958,25.576,101.6703333,80
S9,Midterm 1,54,0.233504663,0.000351562,25.916,128.9618333,80
S9,Midterm 1,55,0.205911788,0.001145833,26.19866667,134.4996667,80
S9,Midterm 1,56,0.201955475,0.001695313,26.431,113.0833333,80
S9,Midterm 1,57,0.19687765,0.013953125,26.64866667,109.1931667,80
S9,Midterm 1,58,0.197304763,-0.014734375,26.853,89.6685,80
S9,Midterm 1,59,0.221379242,-0.000783854,27.03166667,96.31316667,80
S9,Midterm 1,60,0.202894996,0.002,27.15433333,76.29366667,80
S9,Midterm 1,61,0.196663992,-0.002427083,27.25466667,81.59216667,80
S9,Midterm 1,62,0.197918896,0.000164063,27.35633333,92.26316667,80
S9,Midterm 1,63,0.203946908,0.003229167,27.43,68.88716667,80
S9,Midterm 1,64,0.205943663,-0.000877604,27.46433333,70.674,80
S9,Midterm 1,65,0.205516613,0.054794271,27.467,79.64833333,80
S9,Midterm 1,66,0.192910592,-0.056869792,27.46066667,104.3916667,80
S9,Midterm 1,67,0.170363267,0.003330729,27.471,150.7378333,80
S9,Midterm 1,68,0.158462183,-0.018953125,27.49166667,119.334,80
S9,Midterm 1,69,0.168499904,-0.005619792,27.52833333,91.81016667,80
S9,Midterm 1,70,0.175948121,0.037695313,27.57166667,74.059,80
S9,Midterm 1,71,0.188164067,0.002791667,27.62366667,79.39433333,80
S9,Midterm 1,72,0.193802325,-0.002411458,27.67233333,79.70783333,80
S9,Midterm 1,73,0.196226246,-0.001981771,27.74433333,92.44333333,80
S9,Midterm 1,74,0.197390325,6.77E-05,27.82266667,104.0413333,80
S9,Midterm 1,75,0.202281138,-0.004901042,27.89733333,98.76216667,80
S9,Midterm 1,76,0.204459425,0.00278125,27.961,84.35183333,80
S9,Midterm 1,77,0.214721388,-0.008377604,28.02866667,87.43066667,80
S9,Midterm 1,78,0.227658196,0.008966146,28.087,81.38333333,80
S9,Midterm 1,79,0.233221762,-0.001880208,28.14266667,75.60583333,80
S9,Midterm 1,80,0.238091133,-0.002830729,28.18733333,73.00866667,80
S9,Midterm 1,81,0.239228321,-0.000606771,28.23833333,95.0245,80
S9,Midterm 1,82,0.245774138,-0.033304687,28.291,76.9225,80
S9,Midterm 1,83,0.252640238,0.030234375,28.342,102.2938333,80
S9,Midterm 1,84,0.258209075,0.003705729,28.37133333,98.29633333,80
S9,Midterm 1,85,0.264178363,-0.00378125,28.40166667,93.39866667,80
S9,Midterm 1,86,0.2652997,-0.056169271,28.435,91.4215,80
S9,Midterm 1,87,0.269982033,0.038614583,28.484,95.55483333,80
S9,Midterm 1,88,0.261786417,0.022838542,28.51366667,89.42266667,80
S9,Midterm 1,89,0.27122615,-0.021867188,28.53533333,92.3785,80
S10,Midterm 1,0,0.018494025,-0.031023437,22.137,93.4545,89
S10,Midterm 1,1,0.018632854,0.005127604,22.28666667,105.7226667,89
S10,Midterm 1,2,0.018670229,0.003489583,22.41033333,130.1463333,89
S10,Midterm 1,3,0.018825025,0.003044271,22.48433333,147.4938333,89
S10,Midterm 1,4,0.018825017,0.004526042,22.522,140.2358333,89
S10,Midterm 1,5,0.0187823,-6.51E-05,22.553,129.7386667,89
S10,Midterm 1,6,0.020560154,0.002552083,22.564,142.4903333,89
S10,Midterm 1,7,0.018899763,0.003307292,22.57566667,130.2416667,89
S10,Midterm 1,8,0.018921121,0.00053125,22.588,114.5861667,89
S10,Midterm 1,9,0.018931792,0.000195313,22.599,116.986,89
S10,Midterm 1,10,0.018926467,0.002236979,22.60733333,110.3285,89
S10,Midterm 1,11,0.018867742,-0.000263021,22.61766667,135.2253333,89
S10,Midterm 1,12,0.018921104,0.000341146,22.632,170.2943333,89
S10,Midterm 1,13,0.018985179,0.000338542,22.64533333,150.6721667,89
S10,Midterm 1,14,0.018953142,0.003330729,22.64933333,133.562,89
S10,Midterm 1,15,0.018953125,-0.001072917,22.66533333,114.3348333,89
S10,Midterm 1,16,0.019006508,0.000960938,22.67266667,112.4076667,89
S10,Midterm 1,17,0.019107942,-0.001067708,22.678,124.0693333,89
S10,Midterm 1,18,0.019033192,0.00065625,22.68733333,124.7521667,89
S10,Midterm 1,19,0.019091929,0.00209375,22.69166667,120.3425,89
S10,Midterm 1,20,0.019017204,-0.000471354,22.698,106.1783333,89
S10,Midterm 1,21,0.019097246,-0.001822917,22.70233333,112.543,89
S10,Midterm 1,22,0.019171975,0.0014375,22.70733333,139.761,89
S10,Midterm 1,23,0.019113271,0.002929688,22.71966667,170.8335,89
S10,Midterm 1,24,0.01913995,-0.0016875,22.71933333,169.9663333,89
S10,Midterm 1,25,0.019139971,0.001533854,22.72333333,167.5943333,89
S10,Midterm 1,26,0.01913995,-0.003809896,22.73366667,146.8823333,89
S10,Midterm 1,27,0.01939085,0.000760417,22.78133333,136.772,89
S10,Midterm 1,28,0.019582988,0.002585938,22.892,129.2281667,89
S10,Midterm 1,29,0.019823204,-0.001776042,23.06,111.923,89
S10,Midterm 1,30,0.019812521,0.001427083,23.219,112.1231667,89
S10,Midterm 1,31,0.019887246,-0.001742188,23.34033333,159.0388333,89
S10,Midterm 1,32,0.019908592,0.00371875,23.416,172.4358333,89
S10,Midterm 1,33,0.0198392,-0.00034375,23.42566667,182.2378333,89
S10,Midterm 1,34,0.019807167,-0.000778646,23.384,167.3003333,89
S10,Midterm 1,35,0.019695096,0.000682292,23.31,132.127,89
S10,Midterm 1,36,0.019615021,0.000757812,23.248,117.4598333,89
S10,Midterm 1,37,0.019588342,-0.002893229,23.17733333,100.7886667,89
S10,Midterm 1,38,0.019481588,0.001234375,23.11066667,111.9086667,89
S10,Midterm 1,39,0.019417542,-0.000783854,23.04766667,115.8048333,89
S10,Midterm 1,40,0.019310763,0.002304688,22.981,134.413,89
S10,Midterm 1,41,0.019241388,-0.000880208,22.92666667,146.0286667,89
S10,Midterm 1,42,0.019300113,-0.000364583,22.86566667,146.9893333,89
S10,Midterm 1,43,0.019043854,-0.000453125,22.82466667,154.9488333,89
S10,Midterm 1,44,0.019038529,-0.001197917,22.78133333,155.2165,89
S10,Midterm 1,45,0.018985171,0.000445312,22.73633333,181.1005,89
S10,Midterm 1,46,0.018910467,-2.60E-05,22.68933333,162.733,89
S10,Midterm 1,47,0.018787667,0.001044271,22.66233333,171.5778333,89
S10,Midterm 1,48,0.0189318,-0.001322917,22.62833333,167.0135,89
S10,Midterm 1,49,0.018899771,1.30E-05,22.60166667,151.8563333,89
S10,Midterm 1,50,0.018910463,-0.0004375,22.58366667,127.744,89
S10,Midterm 1,51,0.018889079,-0.000520833,22.56633333,111.2085,89
S10,Midterm 1,52,0.018830358,-0.002018229,22.54033333,104.762,89
S10,Midterm 1,53,0.061039463,-0.005109375,22.57033333,111.6878333,89
S10,Midterm 1,54,0.093342475,0.004153646,22.79,124.8405,89
S10,Midterm 1,55,0.087131,0.040359375,23.006,124.9898333,89
S10,Midterm 1,56,0.314488088,-0.037247396,23.303,106.1881667,89
S10,Midterm 1,57,0.208194858,0.023359375,23.925,89.64533333,89
S10,Midterm 1,58,0.229016492,0.120541667,24.562,84.89416667,89
S10,Midterm 1,59,0.224787979,-0.122541667,25.08833333,83.124,89
S10,Midterm 1,60,0.238108471,-0.009736979,25.51666667,107.0118333,89
S10,Midterm 1,61,0.216811713,-0.002356771,25.84433333,104.6865,89
S10,Midterm 1,62,0.210485317,-0.008963542,26.10933333,100.0945,89
S10,Midterm 1,63,0.389407125,0.008328125,26.304,88.94033333,89
S10,Midterm 1,64,0.409128867,-0.004742187,26.45133333,73.7095,89
S10,Midterm 1,65,0.341965863,-0.016690104,26.56433333,80.683,89
S10,Midterm 1,66,0.364933683,0.012390625,26.618,101.0756667,89
S10,Midterm 1,67,0.538679771,0.002476563,26.67033333,89.83666667,89
S10,Midterm 1,68,0.514827567,-0.121203125,26.76333333,95.83016667,89
S10,Midterm 1,69,0.439448417,0.161234375,26.879,109.6498333,89
S10,Midterm 1,70,0.409198283,-0.010322917,27.00933333,90.84816667,89
S10,Midterm 1,71,0.369792179,-0.023179688,27.114,99.60883333,89
S10,Midterm 1,72,0.346349142,-0.002598958,27.19533333,107.2326667,89
S10,Midterm 1,73,0.318149129,-0.00453125,27.269,90.84483333,89
S10,Midterm 1,74,0.298363183,0.006278646,27.329,76.26716667,89
S10,Midterm 1,75,0.301689313,-0.004572917,27.36533333,83.75066667,89
S10,Midterm 1,76,0.285368333,0.003445313,27.39633333,87.68466667,89
S10,Midterm 1,77,0.283435658,-0.002536458,27.422,80.29016667,89
S10,Midterm 1,78,0.285085383,-0.000619792,27.441,96.34016667,89
S10,Midterm 1,79,0.280937063,-0.004919271,27.46466667,146.47,89
S10,Midterm 1,80,0.277552238,0.011523438,27.49266667,123.3795,89
S10,Midterm 1,81,0.273628125,-0.010182292,27.50966667,89.29216667,89
S10,Midterm 1,82,0.281214675,0.004903646,27.51066667,102.0458333,89
S10,Midterm 1,83,0.283670596,-0.003908854,27.50333333,93.06433333,89
S10,Midterm 1,84,0.269287571,0.001372396,27.48933333,63.93533333,89
S10,Midterm 1,85,0.273612096,0.001242187,27.455,77.87083333,89
S10,Midterm 1,86,0.283852087,-0.017268229,27.429,82.00733333,89
S10,Midterm 1,87,0.290034525,0.021859375,27.45266667,87.71183333,89
S10,Midterm 1,88,0.297829292,-0.008851563,27.47733333,94.7155,89
S10,Midterm 1,89,0.300632204,0.001658854,27.51866667,76.10716667,89
